row_idx,subject_id,sleep_date,lifelog_date,nn_row_idx,nn_dist,e237_changed,pair_source_changed,pair_target_changed,pair_affected,e224_q3_logit,e154_q3_logit,e237_q3_logit,rollback_logit_step,e224_pair_abs,e237_pair_abs,pair_abs_delta
0,id01,2024-07-31,2024-07-30,11,6.148421209635554,False,False,True,True,0.2175764808674065,0.21846378397302818,0.2175764808674065,0.000887303105621684,0.015803630186456502,0.05209501592173943,0.03629138573528293
1,id01,2024-08-01,2024-07-31,10,4.899770570540329,False,False,False,False,0.15236421573931486,0.15119635788460256,0.15236421573931486,-0.0011678578547122953,0.4939276872974306,0.49392768729743103,4.440892098500626e-16
2,id01,2024-08-02,2024-08-01,24,5.802131734719568,False,False,False,False,0.204597831226814,0.1642162890569466,0.204597831226814,-0.04038154216986739,0.12836497709300157,0.12836497709300157,0.0
3,id01,2024-08-03,2024-08-02,25,6.3673078386467745,True,True,False,True,0.23078787554735306,0.28995031340715427,0.28995031340715427,0.059162437859801215,0.0024236194508218123,0.06158605731062303,0.059162437859801215
4,id01,2024-08-04,2024-08-03,106,6.329402289114361,False,False,False,False,0.15560639049840763,0.14971958393901155,0.15560639049840763,-0.0058868065593960794,1.0063140893567812,1.0063140893567812,0.0
5,id01,2024-08-06,2024-08-05,11,5.756405478481782,True,True,True,True,0.0274607982748999,0.1006344644117183,0.1006344644117183,0.0731736661368184,0.1743120524060501,0.16903703237742762,-0.005275020028622485
6,id01,2024-08-07,2024-08-06,8,8.183863003834773,False,False,False,False,0.4094333200125554,0.3892122750414252,0.4094333200125554,-0.020221044971130198,0.3030814007413119,0.3030814007413119,0.0
7,id01,2024-08-09,2024-08-08,5,6.637412691133413,True,True,True,True,0.3147321564627279,0.39693839327639346,0.39693839327639346,0.08220623681366557,0.287271358187828,0.29630392886467516,0.009032570676847151
8,id01,2024-08-10,2024-08-09,2,6.635851169048803,False,False,False,False,0.1063519192712435,0.08524591723377875,0.1063519192712435,-0.021106002037464752,0.09824591195557049,0.09824591195557049,0.0
9,id01,2024-08-12,2024-08-11,14,6.2757438812534465,False,False,False,False,0.5156264183080903,0.5614251960071474,0.5156264183080903,0.04579877769905705,0.15861527420803784,0.15861527420803784,0.0
10,id01,2024-08-13,2024-08-12,1,4.899770570540329,False,False,False,False,0.6462919030367454,0.6509482542919958,0.6462919030367459,0.004656351255250324,0.4939276872974306,0.49392768729743103,4.440892098500626e-16
11,id01,2024-08-14,2024-08-13,5,5.756405478481782,True,True,True,True,0.20177285068095,0.2696714967891459,0.2696714967891459,0.06789864610819593,0.1743120524060501,0.16903703237742762,-0.005275020028622485
12,id01,2024-08-15,2024-08-14,1,7.656662329864291,False,False,False,False,0.3023436004562539,0.2799378011327147,0.3023436004562539,-0.0224057993235392,0.14997938471693906,0.14997938471693906,0.0
13,id01,2024-08-17,2024-08-16,24,7.787905697984335,False,False,False,False,0.3422697731670052,0.4061242428842468,0.3422697731670052,0.06385446971724162,0.009306964847189625,0.009306964847189625,0.0
14,id01,2024-09-02,2024-09-01,20,5.340216664731308,False,False,False,False,0.35701114410005247,0.3521197125806187,0.35701114410005247,-0.004891431519433775,0.42165940169874866,0.42165940169874866,0.0
15,id01,2024-09-03,2024-09-02,21,5.422232883295781,False,False,False,False,0.6783671454200767,0.6690982182207479,0.6783671454200771,-0.009268927199328814,0.042332358914348944,0.0423323589143485,-4.440892098500626e-16
16,id01,2024-09-04,2024-09-03,2,8.700241169810521,True,True,False,True,0.2627904704830243,0.3328557659797175,0.3328557659797175,0.07006529549669321,0.05819263925621029,0.1282579347529035,0.07006529549669321
17,id01,2024-09-05,2024-09-04,10,8.719120519513456,False,False,False,False,0.18625923208465386,0.14333902366749632,0.18625923208465386,-0.042920208417157546,0.46003267095209155,0.460032670952092,4.440892098500626e-16
18,id01,2024-09-07,2024-09-06,14,6.3189281300759355,False,False,False,False,0.3911106434473443,0.40498589357303644,0.3911106434473443,0.013875250125692129,0.03409949934729184,0.03409949934729184,0.0
19,id01,2024-09-08,2024-09-07,10,5.677160521287569,False,False,False,False,0.8025095116725971,0.8081086224213528,0.8025095116725971,0.005599110748755742,0.15621760863585166,0.1562176086358512,-4.440892098500626e-16
20,id01,2024-09-09,2024-09-08,14,5.340216664731308,False,False,False,False,0.7786705457988011,0.7957055594648408,0.7786705457988011,0.017035013666039656,0.42165940169874866,0.42165940169874866,0.0
21,id01,2024-09-10,2024-09-09,15,5.422232883295781,False,False,False,False,0.7206995043344256,0.7155012695626053,0.7206995043344256,-0.005198234771820354,0.042332358914348944,0.0423323589143485,-4.440892098500626e-16
22,id01,2024-09-11,2024-09-10,0,8.828925453968582,False,False,False,False,0.45140712256432003,0.40257072991256804,0.45140712256432003,-0.04883639265175199,0.23383064169691353,0.23383064169691353,0.0
23,id01,2024-09-12,2024-09-11,1,5.566177979084662,False,False,False,False,0.4012775137202655,0.40230486442627017,0.4012775137202655,0.0010273507060046816,0.24891329798095063,0.24891329798095063,0.0
24,id01,2024-09-13,2024-09-12,25,5.6901533033509075,False,False,False,False,0.33296280831981556,0.3415901029924982,0.33296280831981556,0.00862729467268264,0.10459855222328432,0.10459855222328432,0.0
25,id01,2024-09-14,2024-09-13,24,5.6901533033509075,False,False,False,False,0.22836425609653124,0.2717949908984128,0.22836425609653124,0.04343073480188156,0.10459855222328432,0.10459855222328432,0.0
26,id01,2024-09-15,2024-09-14,106,5.677855418477712,False,False,False,False,0.6337504069662764,0.6699790237355533,0.6337504069662764,0.03622861676927691,0.5281700728889124,0.5281700728889124,0.0
27,id02,2024-08-26,2024-08-25,47,5.763948966939088,False,False,False,False,0.6746699246257851,0.6819439034690405,0.6746699246257851,0.007273978843255424,0.38121735488852837,0.38121735488852837,0.0
28,id02,2024-08-27,2024-08-26,41,6.736967884338089,False,False,False,False,0.9045550360573197,0.889897761433492,0.9045550360573191,-0.01465727462382771,0.0848677514830608,0.08486775148306136,5.551115123125783e-16
29,id02,2024-08-28,2024-08-27,39,5.413415490014149,False,False,False,False,0.6697023985794409,0.672947362419697,0.6697023985794409,0.0032449638402560765,0.034805981652457185,0.034805981652457185,0.0
30,id02,2024-08-29,2024-08-28,40,5.662437992537234,False,False,False,False,1.1970360197598489,1.1849602345458576,1.1970360197598489,-0.01207578521399122,0.07814758066548144,0.07814758066548144,0.0
31,id02,2024-08-30,2024-08-29,39,6.282159083887698,False,False,False,False,0.7035668953355296,0.7048888442572541,0.7035668953355296,0.0013219489217244362,0.0686704784085459,0.0686704784085459,0.0
32,id02,2024-08-31,2024-08-30,39,6.655289737675121,False,False,False,False,0.7571825109655937,0.7788015020321479,0.7571825109655937,0.021618991066554183,0.12228609403861002,0.12228609403861002,0.0
33,id02,2024-09-01,2024-08-31,41,6.228879560033944,False,False,False,False,0.9257286317675649,0.9667994972929262,0.9257286317675649,0.04107086552536132,0.06369415577281556,0.06369415577281556,0.0
34,id02,2024-09-02,2024-09-01,27,6.982192862250094,False,False,False,False,0.8999219442447951,0.9099587515377363,0.8999219442447951,0.010036807292941208,0.22525201961900998,0.22525201961900998,0.0
35,id02,2024-09-03,2024-09-02,42,7.251929934189176,False,False,False,False,0.8736390605913533,0.9237717766670632,0.8736390605913533,0.050132716075709904,0.12228872457897955,0.1222887245789791,-4.440892098500626e-16
36,id02,2024-09-04,2024-09-03,42,8.326459727497255,False,False,False,False,0.0709602580529431,0.10386184220454596,0.0709602580529431,0.03290158415160285,0.6803900779594306,0.6803900779594311,4.440892098500626e-16
37,id02,2024-09-05,2024-09-04,42,8.947963277970265,False,False,False,False,0.2337806887963608,0.2646004634155466,0.2337806887963608,0.030819774619185808,0.517569647216013,0.5175696472160134,4.440892098500626e-16
38,id02,2024-09-06,2024-09-05,47,6.34900351987572,False,False,False,False,0.797237047675004,0.7509965297748127,0.797237047675004,-0.04624051790019135,0.25865023183930946,0.25865023183930946,0.0
39,id02,2024-09-07,2024-09-06,29,5.413415490014149,False,False,False,False,0.6348964169269837,0.6272602350282644,0.6348964169269837,-0.007636181898719285,0.034805981652457185,0.034805981652457185,0.0
40,id02,2024-09-08,2024-09-07,91,4.786906508134059,False,False,False,False,1.2751836004253303,1.3021416313587204,1.2751836004253303,0.02695803093339011,0.4413908868266343,0.4413908868266343,0.0
41,id02,2024-09-09,2024-09-08,48,5.449866549795157,False,False,False,False,0.9894227875403805,1.0256581929497275,0.9894227875403805,0.036235405409347,0.3046975623537522,0.3046975623537522,0.0
42,id02,2024-09-10,2024-09-09,39,5.970837589260421,False,False,False,False,0.7513503360123738,0.7947837167984627,0.7513503360123742,0.04343338078608894,0.11645391908539005,0.11645391908539049,4.440892098500626e-16
43,id02,2024-09-29,2024-09-28,54,9.874071052519389,False,False,False,False,1.0151628806717028,1.0148498426328283,1.0151628806717028,-0.00031303803887450243,0.3016688673569865,0.3016688673569865,0.0
44,id02,2024-09-30,2024-09-29,160,9.74176067555447,True,True,False,True,0.31760652519882476,0.459125131200336,0.459125131200336,0.14151860600151123,0.28353688054640613,0.42505548654791736,0.14151860600151123
45,id02,2024-10-01,2024-09-30,38,8.806560802208375,False,False,False,False,0.3986893435923219,0.3752876817507298,0.3986893435923219,-0.023401661841592092,0.39854770408268214,0.39854770408268214,0.0
46,id02,2024-10-03,2024-10-02,54,6.552474134453187,False,False,False,False,0.2174339578806475,0.256481284827265,0.2174339578806475,0.0390473269466175,0.4960600554340688,0.4960600554340688,0.0
47,id02,2024-10-04,2024-10-03,55,5.169567532914997,False,False,False,False,1.0558872795143135,1.0268026087587958,1.0558872795143135,-0.029084670755517683,0.1544532290895888,0.1544532290895888,0.0
48,id02,2024-10-05,2024-10-04,40,5.38835929058398,False,False,False,False,1.2941203498941327,1.2710176080324695,1.2941203498941327,-0.023102741861663167,0.018936749468802416,0.018936749468802416,0.0
49,id02,2024-10-06,2024-10-05,55,7.321130369994471,False,False,False,False,1.2296446623530553,1.2074971089575501,1.2296446623530553,-0.022147553395505115,0.019304153749152952,0.019304153749152952,0.0
50,id02,2024-10-07,2024-10-06,56,5.535182379899734,False,False,False,False,0.8638494759634868,0.8660137294866819,0.8638494759634868,0.0021642535231950477,0.059110883409724146,0.059110883409724146,0.0
51,id02,2024-10-08,2024-10-07,57,5.758088413883473,False,False,False,False,-0.006171388052399209,0.08017157077066614,-0.0061713880523998794,0.08634295882306535,0.40776819932219827,0.4077681993221994,1.1102230246251565e-15
52,id02,2024-10-09,2024-10-08,58,8.525645771036846,True,True,False,True,0.4124633173091305,0.4888968659057172,0.4888968659057172,0.07643354859658669,0.17000527112710168,0.09357172253051455,-0.07643354859658713
53,id02,2024-10-10,2024-10-09,178,8.05414431614921,False,False,True,True,0.7120877511024012,0.8053516901231326,0.7120877511024012,0.09326393902073138,0.7232820736269779,0.6153605697643317,-0.1079215038626462
54,id02,2024-10-12,2024-10-11,30,5.941289763145371,False,False,False,False,0.7134940133147163,0.7050405028760517,0.7134940133147163,-0.008453510438664602,0.48354200644513257,0.48354200644513257,0.0
55,id02,2024-10-13,2024-10-12,47,5.169567532914997,False,False,False,False,1.2103405086039023,1.1911153302861857,1.2103405086039023,-0.01922517831771664,0.1544532290895888,0.1544532290895888,0.0
56,id02,2024-10-14,2024-10-13,50,5.535182379899734,False,False,False,False,0.922960359373211,0.9696933071517342,0.922960359373211,0.046732947778523215,0.059110883409724146,0.059110883409724146,0.0
57,id02,2024-10-15,2024-10-14,51,5.758088413883473,False,False,False,False,0.40159681126979907,0.45742867831030676,0.4015968112697995,0.05583186704050769,0.40776819932219827,0.4077681993221994,1.1102230246251565e-15
58,id02,2024-10-16,2024-10-15,52,8.525645771036846,False,False,True,True,0.5824685884362322,0.6153865577891741,0.5824685884362317,0.03291796935294189,0.17000527112710168,0.09357172253051455,-0.07643354859658713
59,id03,2024-08-17,2024-08-16,243,10.479094777095975,False,False,False,False,0.8096044030024353,0.817683202326257,0.8096044030024353,0.008078799323821717,0.7645527225904556,0.7645527225904556,0.0
60,id03,2024-08-18,2024-08-17,76,6.581183030318703,False,False,False,False,0.877912486888705,0.8591418574688151,0.877912486888705,-0.01877062941988994,0.11179678052308217,0.11179678052308217,0.0
61,id03,2024-08-19,2024-08-18,76,5.0769484625909325,False,False,False,False,1.2772586087499869,1.2960152701706054,1.2772586087499869,0.018756661420618492,0.511142902384364,0.511142902384364,0.0
62,id03,2024-08-20,2024-08-19,74,5.537250964087354,False,False,False,False,1.0197706255103367,1.083939441599066,1.0197706255103367,0.06416881608872926,0.20848738929359878,0.20848738929359878,0.0
63,id03,2024-08-21,2024-08-20,106,6.552733154650651,False,False,False,False,1.123216917640276,1.109334812252455,1.123216917640276,-0.013882105387821086,0.03870356221491278,0.03870356221491278,0.0
64,id03,2024-08-23,2024-08-22,61,7.5824148429460045,False,False,False,False,0.6453767599166148,0.6873624146850108,0.6453767599166148,0.041985654768396,0.6318818488333721,0.6318818488333721,0.0
65,id03,2024-08-24,2024-08-23,74,5.832526615779385,False,False,False,False,0.9720345681318909,1.0243004190708238,0.9720345681318909,0.05226585093893288,0.25622344667204455,0.25622344667204455,0.0
66,id03,2024-08-25,2024-08-24,75,9.666178086451334,False,False,False,False,0.6827986364834233,0.6884254389712334,0.6827986364834233,0.005626802487810112,0.011443068529013778,0.011443068529013778,0.0
67,id03,2024-08-27,2024-08-26,76,7.1461353844724895,False,False,False,False,0.7616585704502322,0.796687483667415,0.7616585704502322,0.03502891321718282,0.004457135915390653,0.004457135915390653,0.0
68,id03,2024-08-28,2024-08-27,56,8.543716826195222,False,False,False,False,0.47828177628741814,0.47095264294015005,0.47828177628741814,-0.007329133347268091,0.44467858308579283,0.44467858308579283,0.0
69,id03,2024-08-29,2024-08-28,74,10.192939149208591,False,False,False,False,1.0989682616151142,1.091024654086463,1.0989682616151142,-0.007943607528651198,0.1292897531888213,0.1292897531888213,0.0
70,id03,2024-09-16,2024-09-15,64,8.521749234623737,False,False,False,False,0.9434545227278153,1.0427951024227917,0.9434545227278153,0.09934057969497645,0.29807776281120046,0.29807776281120046,0.0
71,id03,2024-09-17,2024-09-16,153,6.709745657174802,False,False,False,False,0.7602929419282066,0.7918915402325071,0.7602929419282066,0.03159859830430045,0.14872053708442068,0.14872053708442068,0.0
72,id03,2024-09-18,2024-09-17,76,6.547432102465963,False,False,False,False,0.878496445640294,0.8640909138015673,0.878496445640294,-0.014405531838726726,0.11238073927467118,0.11238073927467118,0.0
73,id03,2024-09-19,2024-09-18,106,5.169025352989004,False,False,False,False,1.330643836363739,1.327735039495557,1.330643836363739,-0.0029087968681820175,0.1687233565085502,0.1687233565085502,0.0
74,id03,2024-09-21,2024-09-20,77,5.423085663624527,False,False,False,False,1.2282580148039355,1.2838162233299824,1.2282580148039355,0.05555820852604687,0.3618061418436429,0.3618061418436429,0.0
75,id03,2024-09-22,2024-09-21,78,6.752972568742436,False,False,False,False,0.6942417050124371,0.740007465054544,0.6942417050124371,0.04576576004210686,0.6602549946045663,0.6602549946045663,0.0
76,id03,2024-10-04,2024-10-03,61,5.0769484625909325,False,False,False,False,0.7661157063656229,0.8199376956940482,0.7661157063656229,0.0538219893284253,0.511142902384364,0.511142902384364,0.0
77,id03,2024-10-05,2024-10-04,74,5.423085663624527,False,False,False,False,1.5900641566475784,1.563291947030639,1.5900641566475784,-0.02677220961693938,0.3618061418436429,0.3618061418436429,0.0
78,id03,2024-10-06,2024-10-05,75,6.752972568742436,False,False,False,False,1.3544966996170034,1.4360635457390656,1.3544966996170034,0.08156684612206222,0.6602549946045663,0.6602549946045663,0.0
79,id03,2024-10-10,2024-10-09,127,7.697485472641344,False,False,False,False,1.0512440652672608,1.1188256845580231,1.0512440652672608,0.06758161929076234,0.8508731600107922,0.8508731600107922,0.0
80,id04,2024-09-10,2024-09-09,91,4.719796253794316,False,False,False,False,1.1547327410750832,1.190036722503674,1.1547327410750832,0.035303981428590925,0.5618417461768814,0.5618417461768814,0.0
81,id04,2024-09-12,2024-09-11,97,4.0851812294032674,False,False,False,False,0.7512841267350372,0.7747827624360237,0.7512841267350372,0.023498635700986537,0.4243161383433487,0.4243161383433487,0.0
82,id04,2024-09-13,2024-09-12,92,5.757194958299863,False,False,False,False,1.2414943809063022,1.2679409314028287,1.2414943809063022,0.026446550496526555,0.3805087084885803,0.3805087084885803,0.0
83,id04,2024-09-14,2024-09-13,29,12.105454045677455,False,False,False,False,0.7388015850080941,0.7435876711010831,0.7388015850080941,0.004786086092989028,0.0690991864286532,0.0690991864286532,0.0
84,id04,2024-09-15,2024-09-14,92,8.912510210123699,False,False,False,False,1.3609273384258063,1.340291181961395,1.3609273384258063,-0.020636156464411304,0.2610757509690762,0.2610757509690762,0.0
85,id04,2024-09-16,2024-09-15,93,6.020540430061017,False,False,False,False,1.3172297907575383,1.3411169487698293,1.3172297907575383,0.02388715801229102,0.39115870618624426,0.39115870618624426,0.0
86,id04,2024-09-19,2024-09-18,91,3.55971983600456,False,False,False,False,1.647138472510214,1.661652672293027,1.647138472510214,0.014514199782812875,0.06943601474175054,0.06943601474175054,0.0
87,id04,2024-09-20,2024-09-19,97,6.507120274638133,False,False,False,False,1.1116594234174517,1.2097217280821528,1.1116594234174517,0.09806230466470112,0.06394084166093417,0.06394084166093417,0.0
88,id04,2024-09-21,2024-09-20,73,7.4390419565234085,False,False,False,False,1.0290532017730036,1.0413270844816078,1.0290532017730036,0.012273882708604189,0.3015906345907353,0.3015906345907353,0.0
89,id04,2024-09-23,2024-09-22,103,7.252369394046318,False,False,False,False,1.6271950112976445,1.6518078751758019,1.6271950112976445,0.02461286387815731,0.4655561166933917,0.46555611669339236,6.661338147750939e-16
90,id04,2024-09-24,2024-09-23,93,5.5747031040276696,False,False,False,False,1.3883875656773208,1.4170991450046726,1.3883875656773208,0.0287115793273518,0.3200009312664618,0.3200009312664618,0.0
91,id04,2024-09-25,2024-09-24,86,3.55971983600456,False,False,False,False,1.7165744872519646,1.7130270261705274,1.7165744872519646,-0.00354746108143722,0.06943601474175054,0.06943601474175054,0.0
92,id04,2024-09-26,2024-09-25,81,5.054888217523642,False,False,False,False,1.6220030893948825,1.623887663285865,1.6220030893948825,0.0018845738909825105,0.8707189626598453,0.8707189626598453,0.0
93,id04,2024-09-27,2024-09-26,90,5.5747031040276696,False,False,False,False,1.7083884969437826,1.752763584647308,1.7083884969437826,0.044375087703525384,0.3200009312664618,0.3200009312664618,0.0
94,id04,2024-10-15,2024-10-14,100,6.457370261756124,False,False,False,False,1.22777226191968,1.2489088836870386,1.22777226191968,0.021136621767358532,0.30795318570738617,0.3079531857073867,5.551115123125783e-16
95,id04,2024-10-16,2024-10-15,106,7.2583066750704575,False,False,False,False,0.9746771522735469,0.9701075739271383,0.9746771522735469,-0.004569578346408587,0.18724332758164186,0.18724332758164186,0.0
96,id04,2024-10-17,2024-10-16,91,7.41189294923651,False,False,False,False,1.4568683688106285,1.3384743293487127,1.4568683688106285,-0.11839403946191585,0.25970611844133606,0.25970611844133606,0.0
97,id04,2024-10-18,2024-10-17,81,4.0851812294032674,False,False,False,False,1.1756002650783859,1.1924446567137517,1.1756002650783859,0.016844391635365774,0.4243161383433487,0.4243161383433487,0.0
98,id04,2024-10-19,2024-10-18,92,6.014983169298422,False,False,False,False,0.9543096642730405,0.9751784279753428,0.9543096642730405,0.020868763702302284,0.6676934251218419,0.6676934251218419,0.0
99,id04,2024-10-20,2024-10-19,135,5.456103936537417,False,False,False,False,0.9011469945088432,0.9391758457546574,0.9011469945088432,0.03802885124581423,0.4479376065799753,0.4479376065799753,0.0
100,id04,2024-10-22,2024-10-21,106,5.749247507800603,False,False,False,False,0.9198190762122939,0.9209587572238411,0.9198190762122933,0.0011396810115472666,0.2421014036428949,0.24210140364289545,5.551115123125783e-16
101,id04,2024-10-24,2024-10-23,97,5.567280912572795,False,False,False,False,1.2037937851096534,1.2050581048760134,1.2037937851096534,0.0012643197663599892,0.028193520031267516,0.028193520031267516,0.0
102,id04,2024-10-25,2024-10-24,92,6.45659527654733,False,False,False,False,0.9866730151119881,0.9710424763271183,0.9866730151119881,-0.015630538784869863,0.6353300742828943,0.6353300742828943,0.0
103,id04,2024-10-26,2024-10-25,101,6.65429017686869,False,False,False,False,1.1616388946042528,1.187064463669007,1.1616388946042522,0.02542556906475424,0.042154890505400555,0.04215489050540122,6.661338147750939e-16
104,id04,2024-10-28,2024-10-27,102,6.604930832545718,False,False,False,False,1.6433036675778196,1.672067386488839,1.6433036675778196,0.028763718911019254,0.6566306524658315,0.6566306524658315,0.0
105,id04,2024-10-29,2024-10-28,92,6.976889510879171,False,False,False,False,0.5809072166718481,0.6655469213174312,0.5809072166718484,0.08463970464558312,1.0410958727230344,1.0410958727230342,-2.220446049250313e-16
106,id04,2024-10-30,2024-10-29,73,5.169025352989004,False,False,False,False,1.1619204798551888,1.1722104463366412,1.1619204798551888,0.010289966481452417,0.1687233565085502,0.1687233565085502,0.0
107,id05,2024-09-29,2024-09-28,108,6.63600084712051,False,False,False,False,0.9185750754330455,0.9067906307644836,0.9185750754330455,-0.011784444668561878,0.2990026294418051,0.2990026294418051,0.0
108,id05,2024-09-30,2024-09-29,107,6.63600084712051,False,False,False,False,1.2175777048748506,1.1872011576832162,1.2175777048748506,-0.030376547191634407,0.2990026294418051,0.2990026294418051,0.0
109,id05,2024-10-01,2024-09-30,101,7.692863508957739,False,False,False,False,0.8469272861066166,0.9060032632889152,0.8469272861066166,0.05907597718229862,0.3568664990030368,0.3568664990030368,0.0
110,id05,2024-10-02,2024-10-01,73,6.617240499438896,False,False,False,False,0.6520637837294796,0.6336032075853371,0.6520637837294796,-0.018460576144142538,0.6785800526342594,0.6785800526342594,0.0
111,id05,2024-10-05,2024-10-04,48,7.585264153753238,False,False,False,False,0.6357299609230036,0.6780110282532438,0.6357299609230036,0.042281067330240174,0.6583903889711291,0.6583903889711291,0.0
112,id05,2024-10-06,2024-10-05,168,8.516343051123222,False,False,False,False,0.6442084384371356,0.6180086745343228,0.6442084384371356,-0.026199763902812756,0.14200212654481148,0.14200212654481148,0.0
113,id05,2024-10-07,2024-10-06,106,8.925565595383498,False,False,False,False,0.4597437223845574,0.4827576382223703,0.4597437223845574,0.02301391583781287,0.7021767574706314,0.7021767574706314,0.0
114,id05,2024-10-11,2024-10-10,190,10.603819072263581,False,False,False,False,0.3199987915524454,0.30829454893605884,0.3199987915524454,-0.011704242616386584,1.2872912786935182,1.2872912786935182,0.0
115,id05,2024-10-14,2024-10-13,191,13.35285290735943,False,False,False,False,0.41216639823966617,0.4011820468391622,0.41216639823966617,-0.010984351400503967,1.4559230158719603,1.4559230158719603,0.0
116,id05,2024-10-16,2024-10-15,192,12.365574710481862,True,True,False,True,0.6307938861569925,0.5715599897241996,0.5715599897241996,-0.059233896432792865,0.958192521004295,0.8989586245715022,-0.059233896432792754
117,id05,2024-10-17,2024-10-16,30,9.223769728287527,False,False,False,False,0.8837166151047031,0.9178314863003956,0.8837166151047031,0.03411487119569245,0.31331940465514574,0.31331940465514574,0.0
118,id05,2024-10-18,2024-10-17,170,8.911029240568732,False,False,False,False,0.7549435070452504,0.7648302413648638,0.7549435070452504,0.0098867343196134,0.18120643234622924,0.18120643234622924,0.0
119,id05,2024-11-07,2024-11-06,47,10.363389682541527,False,False,False,False,0.7480301256647004,0.6992178751298939,0.7480301256647004,-0.048812250534806534,0.3078571538496131,0.3078571538496131,0.0
120,id05,2024-11-08,2024-11-07,138,9.40878084873729,False,False,False,False,0.3712875802338592,0.3654779271736609,0.3712875802338592,-0.0058096530601983165,0.13973344809179755,0.13973344809179755,0.0
121,id05,2024-11-13,2024-11-12,155,11.016228408347503,False,False,False,False,0.46336020975192393,0.5240275289651474,0.46336020975192393,0.060667319213223436,1.0375646674813206,1.0375646674813206,0.0
122,id05,2024-11-14,2024-11-13,156,11.124396051567684,False,False,False,False,0.5001122294705754,0.5071776560481819,0.5001122294705754,0.007065426577606448,0.7604156640582189,0.7604156640582189,0.0
123,id05,2024-11-16,2024-11-15,129,13.609837467245947,False,False,False,False,0.6431951455350844,0.572321251026635,0.6431951455350844,-0.07087389450844939,0.23558279280512462,0.23558279280512462,0.0
124,id05,2024-11-17,2024-11-16,46,10.412874030245737,False,False,False,False,0.569338069354114,0.5718114511356016,0.569338069354114,0.0024733817814875936,0.3519041114734665,0.3519041114734665,0.0
125,id05,2024-11-18,2024-11-17,94,8.668698918090627,False,False,False,False,0.7079652358050702,0.6687251844078143,0.7079652358050702,-0.03924005139725595,0.5198070261146098,0.5198070261146098,0.0
126,id05,2024-11-19,2024-11-18,145,8.730523693158352,False,False,False,False,0.11908215895848674,0.14641171272453007,0.11908215895848674,0.027329553766043332,0.8143616289327019,0.8143616289327019,0.0
127,id05,2024-11-20,2024-11-19,73,6.8055434396955325,False,False,False,False,0.20037090525646864,0.20941550442650952,0.20037090525646864,0.009044599170040885,1.1302729311072703,1.1302729311072703,0.0
128,id06,2024-07-07,2024-07-06,142,6.653277017850643,False,False,False,False,1.1606808712956167,1.188245934062647,1.1606808712956167,0.0275650627670303,0.13303989880227673,0.13303989880227673,0.0
129,id06,2024-07-08,2024-07-07,131,5.480728448371547,False,False,False,False,0.878777938340209,0.9281656219600962,0.878777938340209,0.04938768361988721,0.2095461171076367,0.2095461171076367,0.0
130,id06,2024-07-09,2024-07-08,134,4.906629945399914,False,False,False,False,0.8540097167347983,0.8558898333899332,0.8540097167347983,0.001880116655134878,0.3197116709388078,0.3197116709388078,0.0
131,id06,2024-07-10,2024-07-09,129,5.480728448371547,False,False,False,False,1.0883240554478457,1.090458162529201,1.0883240554478457,0.0021341070813551966,0.2095461171076367,0.2095461171076367,0.0
132,id06,2024-07-11,2024-07-10,149,6.790905393948499,False,False,False,False,0.8707920243223594,0.8674918140936512,0.8707920243223594,-0.003300210228708189,0.31560786957106746,0.31560786957106746,0.0
133,id06,2024-07-12,2024-07-11,130,5.162726350576736,False,False,False,False,1.416107552887696,1.4157665859324584,1.416107552887696,-0.00034096695523766485,0.5620978361528978,0.5620978361528978,0.0
134,id06,2024-07-13,2024-07-12,130,4.906629945399914,False,False,False,False,1.1737213876736061,1.1348900332563927,1.1737213876736061,-0.038831354417213415,0.3197116709388078,0.3197116709388078,0.0
135,id06,2024-07-14,2024-07-13,99,5.456103936537417,False,False,False,False,1.3490846010888184,1.3929134934321787,1.3490846010888184,0.04382889234336029,0.4479376065799753,0.4479376065799753,0.0
136,id06,2024-07-16,2024-07-15,144,7.290039460070122,False,False,False,False,0.9999728960442382,1.0146476386862462,0.9999728960442382,0.014674742642007965,0.03796190023648105,0.03796190023648105,0.0
137,id06,2024-07-17,2024-07-16,130,7.116288127887499,False,False,False,False,1.039728345695458,1.012403151214926,1.039728345695458,-0.027325194480531945,0.18571862896065972,0.18571862896065972,0.0
138,id06,2024-07-18,2024-07-17,148,8.162324539967575,False,False,False,False,0.5110210283256568,0.5877153138286727,0.5110210283256568,0.07669428550301594,0.6629482758528916,0.6629482758528916,0.0
139,id06,2024-07-19,2024-07-18,79,9.394939275320473,False,False,False,False,0.7366631001157835,0.7341971296634817,0.7366631001157835,-0.002465970452301791,0.31458096515147727,0.31458096515147727,0.0
140,id06,2024-07-21,2024-07-20,150,9.713929563586113,True,True,False,True,1.227471545985443,1.3995639007151264,1.3995639007151264,0.17209235472968332,0.34087377785325845,0.5129661325829418,0.17209235472968332
141,id06,2024-08-10,2024-08-09,216,7.271172021341821,False,False,False,False,1.0330947258001064,1.1041771913803549,1.0330947258001064,0.07108246558024844,0.7707497646595558,0.7707497646595558,0.0
142,id06,2024-08-12,2024-08-11,131,6.572297838721834,False,False,False,False,1.02764097249334,1.040746329358682,1.02764097249334,0.013105356865342088,0.06068308295450575,0.06068308295450575,0.0
143,id06,2024-08-13,2024-08-12,149,5.801760904780605,False,False,False,False,1.2348724117744814,1.2192732832209996,1.2348724117744814,-0.015599128553481778,0.048472517881054555,0.048472517881054555,0.0
144,id06,2024-08-14,2024-08-13,148,4.862715668899142,False,False,False,False,1.0379347962807193,1.017408813940691,1.0379347962807193,-0.020525982340028337,0.13603450789782912,0.13603450789782912,0.0
145,id06,2024-08-15,2024-08-14,149,4.764816378074136,False,False,False,False,0.9334437878911886,0.9873739626870304,0.9334437878911886,0.05393017479584172,0.25295610600223817,0.25295610600223817,0.0
146,id06,2024-08-20,2024-08-19,149,6.0737469531591675,False,False,False,False,0.940179950523232,0.8916266692527961,0.940179950523232,-0.0485532812704359,0.24621994337019482,0.24621994337019482,0.0
147,id06,2024-08-21,2024-08-20,148,5.34810856979361,False,False,False,False,1.3466405673404285,1.3017159083105287,1.3466405673404285,-0.04492465902989973,0.17267126316188008,0.17267126316188008,0.0
148,id06,2024-08-22,2024-08-21,149,4.755378827804976,False,False,False,False,1.1739693041785484,1.157344342217214,1.1739693041785484,-0.01662496196133434,0.012430589714878426,0.012430589714878426,0.0
149,id06,2024-08-23,2024-08-22,148,4.755378827804976,False,False,False,False,1.1863998938934268,1.1867749486072074,1.1863998938934268,0.0003750547137806315,0.012430589714878426,0.012430589714878426,0.0
150,id06,2024-08-24,2024-08-23,149,7.804752591141333,False,False,False,False,0.8865977681321846,1.0173886543999853,0.8865977681321846,0.13079088626780067,0.2998021257612422,0.2998021257612422,0.0
151,id06,2024-08-25,2024-08-24,148,7.620531352220753,False,False,False,False,1.2515794311211204,1.2777282870476678,1.2515794311211197,0.026148855926547476,0.07761012694257197,0.0776101269425713,-6.661338147750939e-16
152,id07,2024-07-14,2024-07-13,62,6.955009366759792,False,False,False,False,0.6466048279181343,0.6507181502840875,0.6466048279181343,0.004113322365953187,0.37316579759220236,0.37316579759220236,0.0
153,id07,2024-07-15,2024-07-14,175,5.973451212476441,False,False,False,False,0.6115724048437859,0.6238932569081359,0.6115724048437859,0.012320852064349963,0.3984240279574769,0.3984240279574769,0.0
154,id07,2024-07-16,2024-07-15,176,6.967129992575572,False,False,False,False,-0.28738513971702234,-0.2958350151567931,-0.28738513971702234,-0.008449875439770771,0.415693772025466,0.415693772025466,0.0
155,id07,2024-07-17,2024-07-16,175,6.772080283452174,False,False,False,False,-0.5742044577293965,-0.5794403642474153,-0.5742044577293965,-0.005235906518018751,0.7873528346157056,0.7873528346157056,0.0
156,id07,2024-07-18,2024-07-17,176,7.901257963721514,False,False,False,False,-0.2603034345876435,-0.2996180651865702,-0.2603034345876435,-0.0393146305989267,0.38861206689608707,0.38861206689608707,0.0
157,id07,2024-07-19,2024-07-18,133,7.297868781425401,False,False,False,False,-0.05877391564137427,-0.07212971538343457,-0.05877391564137427,-0.013355799742060304,1.4748814685290703,1.4748814685290703,0.0
158,id07,2024-07-20,2024-07-19,176,8.400505750657741,True,True,False,True,0.3417040209346896,0.2540796095916952,0.2540796095916952,-0.08762441134299442,0.213395388626246,0.12577097728325157,-0.08762441134299442
159,id07,2024-07-21,2024-07-20,0,7.426895310656498,False,False,False,False,0.5526302928360466,0.619003319588796,0.5526302928360466,0.06637302675274936,0.3350538119686401,0.3350538119686401,0.0
160,id07,2024-07-22,2024-07-21,176,7.502250759687329,False,False,False,False,0.034069644652418615,0.09236432628275341,0.034069644652418615,0.0582946816303348,0.094238987656025,0.094238987656025,0.0
161,id07,2024-07-23,2024-07-22,177,7.388820413669312,False,False,False,False,-0.07122394080959131,-0.11024811433131564,-0.0712239408095912,-0.039024173521724326,0.3064100778847198,0.3064100778847197,-1.1102230246251565e-16
162,id07,2024-07-24,2024-07-23,178,7.605421900157918,False,False,True,True,-0.15835114829007352,-0.10311333224096134,-0.15835114829007352,0.05523781604911218,0.14715682576549677,0.255078329628143,0.1079215038626462
163,id07,2024-07-25,2024-07-24,73,6.899655247264722,False,False,False,False,0.36490437443848195,0.3392115069032477,0.36490437443848195,-0.025692867535234254,0.9657394619252571,0.9657394619252571,0.0
164,id07,2024-07-26,2024-07-25,145,7.187945776527853,True,True,False,True,-0.4951116637409798,-0.42227382110844747,-0.42227382110844747,0.07283784263253235,1.4285554516321683,1.3557176089996361,-0.07283784263253223
165,id07,2024-07-27,2024-07-26,177,5.466473856500217,False,False,False,False,0.16645271513078927,0.15515294284472853,0.16645271513078927,-0.011299772286060744,0.0687334219443392,0.0687334219443392,0.0
166,id07,2024-07-28,2024-07-27,225,9.522033581852236,True,True,False,True,-0.1403452525694878,-0.07318644286545614,-0.07318644286545614,0.06715880970403165,0.2921585992357393,0.22499978953170763,-0.06715880970403165
167,id07,2024-08-15,2024-08-14,225,12.226336625158849,False,False,False,False,0.48264434859971794,0.5077510335422637,0.48264434859971794,0.025106684942545754,0.3308310019334665,0.3308310019334665,0.0
168,id07,2024-08-16,2024-08-15,41,6.857151059953294,False,False,False,False,0.5022063118923241,0.557224487668085,0.5022063118923241,0.05501817577576085,0.48721647564805637,0.48721647564805637,0.0
169,id07,2024-08-17,2024-08-16,96,7.648907536119576,False,False,False,False,0.38753913307079557,0.3412488407345139,0.38753913307079557,-0.04629029233628168,1.069329235739833,1.069329235739833,0.0
170,id07,2024-08-18,2024-08-17,48,6.816432419400368,False,False,False,False,0.5737370746990211,0.5828483042357324,0.5737370746990211,0.009111229536711285,0.7203832751951116,0.7203832751951116,0.0
171,id07,2024-08-20,2024-08-19,214,9.17905610197306,False,False,False,False,-0.004725037326482485,0.14953694658572714,-0.004725037326482485,0.15426198391220963,0.3023988046627749,0.3023988046627749,0.0
172,id07,2024-08-21,2024-08-20,219,10.352481398266512,False,False,False,False,-0.028838407223186188,0.011474039962896117,-0.028838407223186188,0.040312447186082304,0.22052328582831648,0.22052328582831648,0.0
173,id07,2024-08-23,2024-08-22,174,8.277332424024282,False,False,False,False,0.30516628252668454,0.3060259548920378,0.30516628252668454,0.0008596723653532812,0.3934877490353602,0.3934877490353602,0.0
174,id07,2024-08-25,2024-08-24,73,6.648513383084157,False,False,False,False,0.6986540315620448,0.760280295095794,0.6986540315620448,0.061626263533749226,0.6319898048016942,0.6319898048016942,0.0
175,id07,2024-08-26,2024-08-25,41,5.9622601809657025,False,False,False,False,0.21314837688630905,0.2386263325848777,0.21314837688630905,0.025477955698568644,0.7762744106540714,0.7762744106540714,0.0
176,id07,2024-08-27,2024-08-26,154,6.967129992575572,False,False,False,False,0.1283086323084436,0.18036580552197867,0.1283086323084436,0.05205717321353506,0.415693772025466,0.415693772025466,0.0
177,id07,2024-08-28,2024-08-27,165,5.466473856500217,False,False,False,False,0.23518613707512848,0.2252559871485986,0.23518613707512848,-0.00993014992652988,0.0687334219443392,0.0687334219443392,0.0
178,id07,2024-08-29,2024-08-28,162,7.605421900157918,True,True,False,True,-0.011194322524576744,0.09672718133806944,0.09672718133806944,0.10792150386264619,0.14715682576549677,0.255078329628143,0.1079215038626462
179,id07,2024-08-30,2024-08-29,26,6.971377443829945,False,False,False,False,-0.03446990117626793,-0.025248797618332854,-0.034469901176268386,0.009221103557935074,0.6682203081425443,0.6682203081425447,4.440892098500626e-16
180,id07,2024-09-01,2024-08-31,5,8.420578517749497,False,False,True,True,0.17445119333794262,0.19537399953054227,0.17445119333794262,0.020922806192599647,0.14699039506304273,0.07381672892622432,-0.07317366613681842
181,id07,2024-09-02,2024-09-01,129,6.133306581523347,False,False,False,False,0.49256567228150483,0.5287982891420132,0.4925656722815052,0.03623261686050838,0.3862122660587042,0.3862122660587038,-3.885780586188048e-16
182,id08,2024-08-01,2024-07-31,91,8.708163580066135,False,False,False,False,-1.08543502079741,-1.0885199842760955,-1.08543502079741,-0.0030849634786855873,2.8020095080493745,2.8020095080493745,0.0
183,id08,2024-08-03,2024-08-02,54,7.292791253250141,False,False,False,False,-1.032515593628296,-1.036938364060744,-1.032515593628296,-0.004422770432447987,1.7460096069430122,1.7460096069430122,0.0
184,id08,2024-08-06,2024-08-05,149,7.743431912943329,False,False,False,False,-0.8365261210324557,-0.8825708299744421,-0.8365261210324557,-0.04604470894198642,2.0229260149258828,2.0229260149258828,0.0
185,id08,2024-08-07,2024-08-06,130,7.776914481005367,False,False,False,False,-0.7211111411815013,-0.7787987133045036,-0.7211111411815013,-0.05768757212300224,1.5751208579162996,1.5751208579162996,0.0
186,id08,2024-08-08,2024-08-07,39,7.264902266183469,False,False,False,False,-0.8112408140771583,-0.8396862891784315,-0.8112408140771583,-0.028445475101273154,1.446137231004142,1.446137231004142,0.0
187,id08,2024-08-09,2024-08-08,91,5.512468982413882,False,False,False,False,-0.6344485043499817,-0.7147744689610891,-0.6344485043499817,-0.08032596461110741,2.3510229916019463,2.3510229916019463,0.0
188,id08,2024-08-10,2024-08-09,187,6.840844610342543,True,True,False,True,-0.5506547354599062,-0.6987717782985375,-0.6987717782985375,-0.14811704283863136,0.0837937688900755,0.06432327394855586,-0.019470494941519645
189,id08,2024-08-11,2024-08-10,41,6.94794765883792,True,True,False,True,-0.48006990803887495,-0.5654541043299469,-0.5654541043299469,-0.08538419629107197,1.4694926955792553,1.5548768918703275,0.08538419629107219
190,id08,2024-08-13,2024-08-12,192,9.708951395061755,False,False,False,False,-0.9672924871410729,-0.9967580262739589,-0.9672924871410729,-0.029465539132886076,0.6398938522937703,0.6398938522937703,0.0
191,id08,2024-08-14,2024-08-13,182,9.291310720581187,False,False,False,False,-1.043756617632294,-1.0666457759698467,-1.043756617632294,-0.022889158337552562,0.04167840316511584,0.04167840316511584,0.0
192,id08,2024-09-05,2024-09-04,205,7.071917345699043,False,False,False,False,-0.3273986348473025,-0.373858604225793,-0.3273986348473025,-0.04645996937849045,0.3084670804710039,0.3084670804710039,0.0
193,id08,2024-09-07,2024-09-06,200,8.533965012230672,False,False,False,False,-1.2498982890717905,-1.2835587107954778,-1.2498982890717905,-0.03366042172368733,0.033025542993097234,0.033025542993097234,0.0
194,id08,2024-09-09,2024-09-08,76,10.347914148240815,False,False,False,False,-0.7758154667198606,-0.7531537276240189,-0.7758154667198609,0.022661739095841682,1.5419311730854834,1.5419311730854837,2.220446049250313e-16
195,id08,2024-09-10,2024-09-09,192,8.716807433712614,True,True,False,True,-1.1203408888654796,-1.2546287840103152,-1.2546287840103152,-0.13428789514483563,0.792942254018177,0.9272301491630126,0.13428789514483563
196,id08,2024-09-11,2024-09-10,93,6.724752710461967,False,False,False,False,-0.9237207443487792,-0.8420806013477375,-0.9237207443487792,0.08164014300104161,2.6321092412925617,2.6321092412925617,0.0
197,id08,2024-09-14,2024-09-13,196,7.198050442299239,False,False,False,False,-0.6863999414227261,-0.7172819897119097,-0.6863999414227261,-0.030882048289183617,0.23732080292605306,0.23732080292605306,0.0
198,id08,2024-09-15,2024-09-14,192,9.668255173569046,False,False,False,False,-0.7004405592729878,-0.6817057603574515,-0.7004405592729878,0.01873479891553631,0.37304192442568523,0.37304192442568523,0.0
199,id08,2024-09-18,2024-09-17,106,7.347834770038685,False,False,False,False,-1.125974293646711,-1.148818630277873,-1.125974293646711,-0.02284433663116192,2.2878947735018995,2.2878947735018995,0.0
200,id08,2024-09-20,2024-09-19,227,6.297726728291078,False,False,False,False,-1.2829238320648877,-1.2657138558490924,-1.2829238320648877,0.017209976215795342,1.3664260668063501,1.3664260668063501,0.0
201,id09,2024-08-06,2024-08-05,74,8.259737938055405,False,False,False,False,-0.20605934138644433,-0.21083375586072017,-0.20605934138644433,-0.004774414474275845,1.43431735619038,1.43431735619038,0.0
202,id09,2024-08-07,2024-08-06,75,9.802578125814877,False,False,False,False,-0.6526125625550061,-0.6964225601722714,-0.6526125625550061,-0.04380999761726534,1.3468542675674433,1.3468542675674433,0.0
203,id09,2024-08-08,2024-08-07,38,8.402263906661705,False,False,False,False,0.1123111284198482,0.08521303834322107,0.1123111284198482,-0.027098090076627127,0.6849259192551558,0.6849259192551558,0.0
204,id09,2024-08-09,2024-08-08,148,6.246611963986992,False,False,False,False,0.04642089605554194,-0.009549231518721318,0.04642089605554194,-0.055970127574263256,1.1275484081230065,1.1275484081230065,0.0
205,id09,2024-08-10,2024-08-09,192,7.071917345699043,False,False,False,False,-0.01893155437629862,-0.03493177718643628,-0.01893155437629862,-0.01600022281013766,0.3084670804710039,0.3084670804710039,0.0
206,id09,2024-08-11,2024-08-10,130,8.019485331085017,False,False,False,False,0.06687404108587927,0.10991994158360853,0.06687404108587927,0.04304590049772926,0.7871356756489191,0.7871356756489191,0.0
207,id09,2024-08-12,2024-08-11,206,9.385711295398742,False,False,False,False,-0.3498143998747911,-0.36356420348077506,-0.3498143998747911,-0.013749803605983935,0.41668844096067037,0.41668844096067037,0.0
208,id09,2024-08-13,2024-08-12,242,9.22012613002279,True,True,False,True,0.19549890616437068,0.1441443450551549,0.1441443450551549,-0.051354561109215796,0.14379612084382495,0.19515068195304075,0.051354561109215796
209,id09,2024-08-14,2024-08-13,243,8.626584192723598,False,False,False,False,-0.3108932046762073,-0.34753954314580043,-0.3108932046762073,-0.03664633846959314,0.355944885088187,0.355944885088187,0.0
210,id09,2024-08-15,2024-08-14,86,7.253934851784364,False,False,False,False,-0.04895629422437274,-0.08299276177938304,-0.04895629422437274,-0.0340364675550103,1.6960947667345867,1.6960947667345867,0.0
211,id09,2024-08-16,2024-08-15,204,6.291308953467438,False,False,False,False,-0.28223020818540273,-0.26626584224479444,-0.28223020818540273,0.015964365940608294,0.3286511042409447,0.3286511042409447,0.0
212,id09,2024-08-17,2024-08-16,227,5.5823837003622705,False,False,False,False,-0.5544874430314792,-0.4927889647684349,-0.5544874430314792,0.06169847826304431,0.6379896777729417,0.6379896777729417,0.0
213,id09,2024-08-19,2024-08-18,227,6.447431020320397,False,False,False,False,-0.7156671436536889,-0.7330021819849685,-0.7156671436536889,-0.017335038331279584,0.7991693783951513,0.7991693783951513,0.0
214,id09,2024-08-21,2024-08-20,82,7.164671814054424,False,False,False,False,-0.3071238419892574,-0.3012307554150444,-0.3071238419892574,0.005893086574213002,1.5486182228955596,1.5486182228955596,0.0
215,id09,2024-09-05,2024-09-04,227,7.588583676779057,False,False,False,False,0.05786057886665459,0.04775437529593804,0.05786057886665459,-0.010106203570716552,0.025641655874807906,0.025641655874807906,0.0
216,id09,2024-09-07,2024-09-06,141,7.271172021341821,False,False,False,False,0.26234496114055067,0.252683229186193,0.26234496114055067,-0.009661731954357655,0.7707497646595558,0.7707497646595558,0.0
217,id09,2024-09-08,2024-09-07,148,7.7793271649285485,False,False,False,False,0.21265009968802911,0.21261707932905174,0.21265009968802911,-3.302035897737032e-05,0.9613192044905192,0.9613192044905192,0.0
218,id09,2024-09-09,2024-09-08,214,7.65245537550618,False,False,False,False,-0.29469625715350184,-0.3402143494581322,-0.29469625715350184,-0.045518092304630386,0.012427584835755567,0.012427584835755567,0.0
219,id09,2024-09-10,2024-09-09,92,9.155299990472379,False,False,False,False,0.19168487860513028,0.20834586353907414,0.19168487860513028,0.016660984933943856,1.430318210789752,1.430318210789752,0.0
220,id09,2024-09-11,2024-09-10,212,7.669939046263543,False,False,False,False,-0.1648102647926439,-0.1315180415773402,-0.1648102647926439,0.0332922232153037,0.3896771782388353,0.3896771782388353,0.0
221,id09,2024-09-13,2024-09-12,141,10.359074179999048,False,False,False,False,0.1162114997749319,0.14414119125049002,0.11621149977493231,0.027929691475558113,0.9168832260251745,0.9168832260251741,-3.3306690738754696e-16
222,id09,2024-09-14,2024-09-13,127,11.328305168929585,True,True,False,True,-0.25081428861363675,-0.163735175437626,-0.163735175437626,0.08707911317601075,0.45118519387010536,0.36410608069409467,-0.08707911317601069
223,id09,2024-09-16,2024-09-15,216,10.892144420714692,True,True,False,True,-0.11386932947035425,0.05068590092953559,0.05068590092953559,0.16455523039988984,0.37621429061090494,0.21165906021101508,-0.16455523039988987
224,id09,2024-09-19,2024-09-18,207,10.369894291322446,False,False,False,False,0.5136797179503703,0.5197203957034151,0.5136797179503703,0.006040677753044843,0.8634941178251614,0.8634941178251614,0.0
225,id09,2024-09-20,2024-09-19,81,7.080280417161305,False,False,False,False,0.1518133466662515,0.18718361197525119,0.1518133466662515,0.0353702653089997,0.5994707800687857,0.5994707800687857,0.0
226,id09,2024-09-21,2024-09-20,204,6.536916005130636,True,True,False,True,0.38637562309245316,0.4464150301552817,0.4464150301552817,0.060039407062828565,0.3399547270369112,0.3999941340997398,0.060039407062828565
227,id09,2024-09-22,2024-09-21,212,5.5823837003622705,False,False,False,False,0.0835022347414625,0.07656219088838474,0.0835022347414625,-0.006940043853077754,0.6379896777729417,0.6379896777729417,0.0
228,id10,2024-08-05,2024-08-04,80,7.026797730742753,False,False,False,False,-0.22334972682878665,-0.22622327800565908,-0.22334972682878665,-0.0028735511768724353,1.37808246790387,1.37808246790387,0.0
229,id10,2024-08-06,2024-08-05,130,8.154811334621348,False,False,False,False,-0.11981528945931237,-0.10356885012700726,-0.11981528945931287,0.016246439332305115,0.9738250061941107,0.9738250061941112,4.440892098500626e-16
230,id10,2024-08-07,2024-08-06,11,12.431508997714946,True,True,True,True,-0.22090744432622597,-0.14143799772847074,-0.14143799772847074,0.07946944659775523,0.42268029500717597,0.4111094945176167,-0.011570800489559274
231,id10,2024-08-08,2024-08-07,62,7.559314486265566,True,True,False,True,0.028095371164755096,0.08777295172678888,0.08777295172678888,0.05967758056203379,0.9916752543455816,0.9319976737835478,-0.05967758056203376
232,id10,2024-08-11,2024-08-10,213,7.569766560367839,False,False,False,False,0.1945998033020514,0.26225554743901,0.1945998033020514,0.06765574413695857,0.9102669469557403,0.9102669469557403,0.0
233,id10,2024-08-14,2024-08-13,73,6.880063316544971,False,False,False,False,0.24984178802149218,0.2294282870222639,0.24984178802149218,-0.020413500999228285,1.0808020483422467,1.0808020483422467,0.0
234,id10,2024-08-17,2024-08-16,240,7.80781969698929,False,False,False,False,0.7355950160062278,0.7586478177231342,0.7355950160062278,0.02305280171690638,0.549705877138751,0.549705877138751,0.0
235,id10,2024-08-18,2024-08-17,149,24.507019557314052,True,True,False,True,0.7456309132512124,0.8726010224220432,0.8726010224220432,0.12697010917083074,0.44076898064221437,0.31379887147138363,-0.12697010917083074
236,id10,2024-08-19,2024-08-18,249,24.194023458195023,False,False,False,False,0.9585349554844861,0.8850188468345545,0.9585349554844865,-0.07351610864993163,0.9510654662803599,0.9510654662803604,4.440892098500626e-16
237,id10,2024-08-20,2024-08-19,31,21.952995420432725,True,True,False,True,-0.03495838259238718,0.0902965995507496,0.0902965995507496,0.1252549821431368,0.7385252779279168,0.61327029578478,-0.1252549821431368
238,id10,2024-08-23,2024-08-22,106,8.167787236699956,False,False,False,False,0.06056165950079976,0.10685663015148013,0.06056165950079976,0.04629497065068037,1.101358820354389,1.101358820354389,0.0
239,id10,2024-09-16,2024-09-15,245,6.6213349017891625,False,False,False,False,0.1886112336338296,0.11867652165774849,0.1886112336338296,-0.0699347119760811,0.3791075355374861,0.3791075355374861,0.0
240,id10,2024-09-17,2024-09-16,244,5.99027404040292,False,False,False,False,0.18588913886747685,0.1816268372846509,0.18588913886747685,-0.00426230158282595,0.1610646201293808,0.1610646201293808,0.0
241,id10,2024-09-18,2024-09-17,206,8.613558029781577,False,False,False,False,0.03269431491208769,0.058906435453557664,0.03269431491208769,0.02621212054146997,0.03417972617379158,0.03417972617379158,0.0
242,id10,2024-09-19,2024-09-18,208,9.22012613002279,False,False,True,True,0.33929502700819564,0.3458087879748926,0.33929502700819564,0.00651376096669698,0.14379612084382495,0.19515068195304075,0.051354561109215796
243,id10,2024-09-20,2024-09-19,209,8.626584192723598,False,False,False,False,0.045051680411979704,0.010207189342884964,0.045051680411979704,-0.03484449106909474,0.355944885088187,0.355944885088187,0.0
244,id10,2024-09-21,2024-09-20,240,5.99027404040292,False,False,False,False,0.34695375899685765,0.33762630483791883,0.34695375899685765,-0.00932745415893882,0.1610646201293808,0.1610646201293808,0.0
245,id10,2024-09-22,2024-09-21,239,6.6213349017891625,False,False,False,False,0.5677187691713157,0.5885266389125776,0.5677187691713157,0.02080786974126192,0.3791075355374861,0.3791075355374861,0.0
246,id10,2024-09-23,2024-09-22,241,9.024541662872334,False,False,False,False,-0.08226588604071838,-0.11447876147620265,-0.08226588604071862,-0.03221287543548426,0.11496020095280607,0.11496020095280632,2.498001805406602e-16
247,id10,2024-09-25,2024-09-24,229,9.988407218754595,True,True,False,True,0.5069104813262841,0.4457676409969719,0.4457676409969719,-0.06114284032931222,0.6267257707855965,0.5655829304562848,-0.06114284032931172
248,id10,2024-09-26,2024-09-25,249,8.923548773732431,False,False,False,False,0.27906205526922895,0.2631887660364858,0.27906205526922895,-0.01587328923274317,0.27159256606510285,0.27159256606510285,0.0
249,id10,2024-09-27,2024-09-26,210,7.294035724382776,False,False,False,False,0.007469489204126115,-0.03415512407748451,0.007469489204126115,-0.04162461328161062,0.056425783428498855,0.056425783428498855,0.0
