candidate_id,flat_index,row,subject_id,sleep_date,lifelog_date,target,target_index,h057_prob,q061,cell_q061_gain,public_score,invariant_score,private_safe_score,latent_shortcut_energy,bad_pressure_rank,h068_cell_health,outside_h069_cell,outside_h070_cell,is_h050_null,source_count,source_weight,source_family_count,source_consensus,source_mean_move,source_action_delta,source_posterior_delta,hit_h071,hit_h074,hit_h076,hit_h079,h080_bad_same_raw,h080_bad_opp_raw,h080_bad_same_rank,h080_bad_opp_rank,h080_bad_margin_rank,h079_cell,h079_row,h079_role,h080_cell_score,h085_q,h085_q_move,h085_q_gain,h085_abs_q_move,h082_cell,h084_dark_cell,source_agrees_h085,h085_cell_score,q_hard,best_world_y,confidence,hard_gain,combined_score,hard_logit_delta,binary_shock,h086_resp_weight,h086_resp_lift,h086_resp_rank,h086_equation_alignment,h086_resp_action_score,hard_logit_move,hard_diag_gain,h088_prob,h088_logit_move,h088_active,h088_q_delta,h088_q_bad,h088_bad_rank,h088_move_abs_rank,h088_toxicity,h057_positive_weight,h057_positive_logit_move,h095_safe_cell_score,sleep_dow,lifelog_dow,date_gap_days,row_norm,row_sin1,row_cos1,row_sin3,row_cos3,subject_idx,within_subject_norm,subject_block_size,target_Q1,target_Q2,target_Q3,target_S1,target_S2,target_S3,target_S4,sleep_dow_0,lifelog_dow_0,sleep_dow_1,lifelog_dow_1,sleep_dow_2,lifelog_dow_2,sleep_dow_3,lifelog_dow_3,sleep_dow_4,lifelog_dow_4,sleep_dow_5,lifelog_dow_5,sleep_dow_6,lifelog_dow_6,is_q,is_s,is_subjective_quality,is_objective_stage,h057_h088_anti_conflict,h057_h088_same_conflict,conflict_strength,h098_frontier_cell_score,h108_vote_sum,h108_vote_abs,h108_vote_weight,h108_vote_count,h108_raw_mean_move,h108_vote_consensus,h108_family_count,h108_family_consensus,h108_family_signed_count,h108_h103_move,h108_has_h103,h108_h104_move,h108_has_h104,h108_h105_move,h108_has_h105,h108_h106_move,h108_has_h106,h108_h107_move,h108_has_h107,h108_anti_h088,h108_align_h057,h108_decoder_jury_score,h110_vote_sum,h110_vote_abs,h110_vote_weight,h110_vote_count,h110_raw_mean_move,h110_vote_consensus,h110_family_count,h110_family_consensus,h110_h103_move,h110_has_h103,h110_h104_move,h110_has_h104,h110_h105_move,h110_has_h105,h110_h106_move,h110_has_h106,h110_h107_move,h110_has_h107,h110_h108_move,h110_has_h108,h110_h109_move,h110_has_h109,h110_anti_h088,h110_align_h057,h110_local_bad_weighted_pos,h110_local_bad_max_pos,h110_local_h088_cos,h110_local_good_max,h110_local_good_mean,h110_local_good_bad_gap,h110_benefit_score,h110_toxicity_score,h110_benefit_toxicity_gap,h110_assignment_score,h111_in_h108,h111_in_h110,h111_in_h109,h111_h108_kept,h111_h108_rejected,h111_h110_added,h111_boundary_score,h112_candidate_raw_move,h112_same_bad_residual,h112_opp_bad_residual,h112_same_good_residual,h112_opp_good_residual,h112_same_h088,h112_opp_h088,h112_same_e216,h112_opp_e216,h112_same_h010,h112_opp_h010,h112_same_lejepa,h112_opp_lejepa,h112_same_ordinal,h112_opp_ordinal,h112_residual_toxicity,h112_residual_safety,h112_residual_gap,h112_antidote_score,h112_assignment_score,h112_in_h111_selected,proposal_move,proposal_source,source_candidate_id,h112_move,h097_move_col,h112_beam_rank_score,h113_in_h112_selected,h113_bundle_id,h113_bundle_template,h113_bundle_score,h114_null_move,h114_abs_null_move,h114_cell_score,proposal_base_score,h116_cell_score,h117_forbidden_same,h117_forbidden_opp,h117_forbidden_gap,h117_forbidden_pressure,h118_forbidden_veto_score,h118_score_base,h123_pool_score,h118_move,h118_score,h122_actual_move,h123_component,h123_actual_move,h124_component,h124_actual_move,h125_component,h125_actual_move,h126_component,h126_actual_move,h127_near_h126_row,h127_safe_score,h127_abs_proposal_move,h127_component,h127_actual_move,h097_gradient,h097_descent_logit_move,h097_counter_h088_move,h097_conflict_move,h097_positive_move,h098_frontier_cell_score_h098,h128_frontier_score,h128_near_h127_row,h128_value_score,h128_component,h128_actual_move,h120_row_sensor_raw,h120_row_sensor_rank,h120_row_sensor_cells,h129_toxicity_field,h129_toxic_rank,h130_in_h122,h130_in_h124,h130_in_h126,h130_in_h127,h130_in_h128,h130_in_h129,h131_in_h130,h131_bad_same_pressure,h131_antidote_pressure,h131_residual_health,h131_source_strength,h131_shortcut_pressure,h131_erase_evidence,h131_add_evidence,h131_dropout_priority,h132_h129_erase_witness,h132_h130_erase_witness,h132_h130_add_witness,h130_actual_move,h134_actual_move
h134_h132_precompanion_q1state_ac53dd2e,375,53,id02,2024-10-10,2024-10-09,S2,4,0.9999707660155708,0.999999,2.485905113312326e-05,0.4081314285714286,0.7900571428571428,0.5819239428571428,0.0970428571428571,0.1785714285714285,0.494496,1.0,1.0,0,21.0,18.02115831398056,3.0,1.0,3.332448294185979,-4.70439717492029e-09,-2.4849058093698325e-05,1.0,1.0,1.0,0.0,0.0,7.890624510210918,0.1785714285714285,0.9868571428571428,0.9868571428571428,0.0,0.0,,0.7149857142857144,0.999999,3.375360117223819,1.6926491599707828e-05,3.375360117223819,1.0,0.0,1.0,0.5889502285714285,0.999999,1,0.999999,1.7935314120367143e-08,0.5222342857142857,3.375360117223819,0.0,0.0006733411169371,1.1783469546400815,0.9708571428571428,0.9002927944727409,0.7657072000000001,2.5,2.433467290416766e-05,0.999995840657712,1.949999999966476,1.0,-2.3125060812327728e-05,0.0,0.4542857142857143,0.9885714285714284,0.627,0.0,0.0,0.3791283428571429,3.0,2.0,1.0,0.2128514056224899,0.9728829847220696,0.2312978556715931,-0.7646910926171745,-0.6443970304648772,1.0,0.8387096774193549,32.0,0.0,0.0,0.0,0.0,1.0,0.0,0.0,0.0,0.0,0.0,0.0,0.0,1.0,1.0,0.0,0.0,0.0,0.0,0.0,0.0,0.0,0.0,1.0,0.0,1.0,0.0,0.0,0.0,0.25824712,0.0263350727506102,0.0263350727506102,1.529402112,1.0,0.0172191947061944,0.9999999999620278,1,0.9999999999620278,1.0,0.0,False,0.0263350727506102,True,0.0,False,0.0,False,0.0,False,0.0,0.0,0.6501634447954432,0.0263350727506102,0.0263350727506102,1.529402112,1.0,0.0172191947061944,0.9999999999620278,1,0.9999999999620278,0.0,False,0.0263350727506102,True,0.0,False,0.0,False,0.0,False,0.0,False,0.0,False,0.0,0.0,0.0106701606948138,0.176680563916906,0.176680563916906,0.0,0.0,-0.0106701606948138,0.6496276977209298,0.4572369533862129,0.1923907443347168,0.018311280616802,0.0,0.0,0.0,0.0,0.0,0.0,0.1110322562328899,0.0172191947061944,0.0,9.432922061214256,0.0355814905960369,9.013653499031628,9.515731266273963,0.0,0.0,10.234995330832149,0.0,9.595585680272947,0.0,9.371321384231614,0.0,9.24021938305217,0.370596857142857,0.6500192742857143,0.2794224171428572,0.7996685714285715,0.198451024659528,0.0,-0.0476636275295035,h114_selected::h114_null_h010_e216_antidote_c72_a060_4232eefa,h114_null_h010_e216_antidote_c72_a060_4232eefa,-0.021925268660231367,h112_move,,,,,,-0.0476636275295035,0.0476636275295035,0.4040625,0.6338184306569343,0.6158070255474454,0.0,0.0,0.0,0.0,1.0,0.6982234215328467,,-0.0219252686635716,0.4930236761050074,-0.0219252686602313,,,h122_core,-0.0219252686602313,h124_core,-0.0219252686602313,core,-0.0219252686602313,,,,core,-0.0219252686602313,,,,,,,,,,core,-0.0219252686602313,0.001910999351719,0.632,1.0,0.052437142857142835,0.12171428571428572,1.0,1.0,1.0,1.0,1.0,0.0,1.0,0.2583174603174603,0.9222857142857144,0.8633333333333333,0.8874761904761904,0.29211428571428566,0.05514590476190476,0.5479861904761906,0.7338104047619047,0.0,0.0,0.0,-0.021925268660231367,-0.021925268660231367
h134_h132_precompanion_q1state_ac53dd2e,388,55,id02,2024-10-13,2024-10-12,S1,3,0.9999760576985588,0.999999,1.976691779077213e-05,0.3554857142857142,0.6424371428571428,0.4854158285714284,0.1178428571428571,0.1785714285714285,0.4318272,1.0,1.0,0,17.0,14.1407741288828,3.0,1.0,3.175669771785893,-6.9826386195872566e-09,-1.976691779077213e-05,1.0,1.0,1.0,0.0,0.0,7.45239928749012,0.1785714285714285,0.9834285714285714,0.9834285714285714,0.0,0.0,,0.6742028571428572,0.999999,3.175669771785893,1.3691525103959916e-05,3.175669771785893,1.0,0.0,1.0,0.5529042571428572,0.999999,1,0.999999,1.286005286723377e-08,0.5071371428571428,3.175669771785893,0.0,0.0006271681400957,1.0975442451676385,0.944,0.9171954830477173,0.7247077142857143,2.5,1.947723915803153e-05,0.9999965935613364,1.9499999999994184,1.0,-1.858614359710855e-05,0.0,0.4542857142857143,0.9925714285714284,0.6266571428571429,0.0,0.0,0.3457284571428571,6.0,5.0,1.0,0.2208835341365461,0.9833123395532226,0.181925377235744,-0.8531342035272766,-0.5216915092004847,1.0,0.9032258064516128,32.0,0.0,0.0,0.0,1.0,0.0,0.0,0.0,0.0,0.0,0.0,0.0,0.0,0.0,0.0,0.0,0.0,0.0,0.0,1.0,1.0,0.0,0.0,1.0,0.0,1.0,0.0,0.0,0.0,0.2352271314285714,0.0250455069630924,0.0250455069630924,1.529402112,1.0,0.016376011754243,0.9999999999600728,1,0.9999999999600728,1.0,0.0,False,0.0250455069630924,True,0.0,False,0.0,False,0.0,False,0.0,0.0,0.647024079538066,0.0250455069630924,0.0250455069630924,1.529402112,1.0,0.016376011754243,0.9999999999600728,1,0.9999999999600728,0.0,False,0.0250455069630924,True,0.0,False,0.0,False,0.0,False,0.0,False,0.0,False,0.0,0.0,0.010670160694994,0.1766805639198908,0.1766805639198908,0.0,0.0,-0.010670160694994,0.645340109572112,0.459684953386669,0.1856551561854429,0.0172753769889296,0.0,0.0,0.0,0.0,0.0,0.0,0.104157235309535,0.016376011754243,0.0,8.956949089516073,0.035581490596638,8.541164743956273,9.515731266434722,0.0,0.0,9.35996785333596,0.0,9.35922059202739,0.0,8.94319519309467,0.0,8.73138369240921,0.3708094285714285,0.6476521371428572,0.2768427085714286,0.7963485714285714,0.1942644650030934,0.0,-0.0460747505838718,h114_selected::h114_null_h010_e216_antidote_c72_a060_4232eefa,h114_null_h010_e216_antidote_c72_a060_4232eefa,-0.021194385267190086,h112_move,,,,,,-0.0460747505838718,0.0460747505838718,0.3553125,0.6300729927007299,0.6107874087591242,0.0,0.0,0.0,0.0,1.0,0.6920414963503649,,-0.021194385268581,0.4834059859140575,-0.02119438526719,,,h122_core,-0.02119438526719,h124_core,-0.02119438526719,core,-0.02119438526719,,,,core,-0.02119438526719,,,,,,,,,,core,-0.02119438526719,0.0060971066491089,0.876,4.0,0.08130000000000001,0.22057142857142858,1.0,1.0,1.0,1.0,1.0,0.0,1.0,0.2608571428571429,0.9186428571428572,0.8214285714285715,0.8622380952380954,0.29657142857142854,0.08366857142857143,0.5277254761904764,0.7136186785714287,0.0,0.0,0.0,-0.021194385267190086,-0.021194385267190086
h134_h132_precompanion_q1state_ac53dd2e,413,59,id03,2024-08-17,2024-08-16,Q1,0,0.9999686570433794,0.999999,2.6898427405096187e-05,0.2075714285714285,0.2099771428571428,0.0593689714285714,0.3858714285714285,0.1785714285714285,0.1343305142857142,1.0,1.0,1,2.0,3.6,1.0,1.0,0.5512031865679345,-1.8644581381279984e-09,-1.2558516485366778e-05,0.0,0.0,0.0,1.0,0.0,8.126542694416278,0.1785714285714285,0.992,0.992,1.0,1.0,episode_neighbor_q061,0.3442342857142856,0.999999,3.445019916054642,1.8215773257025272e-05,3.445019916054642,0.0,0.0,1.0,-0.0247529714285714,0.999999,1,0.999999,2.0152227116217655e-08,0.5270914285714287,3.445019916054642,0.0,0.0008060438147621,1.4105766758338307,0.9948571428571428,0.937766678095128,0.5474377142857143,2.5,2.627058393862497e-05,0.9999686570433794,0.0,0.0,0.0,0.0,0.4542857142857143,0.2202857142857142,0.0,0.6936571428571429,-0.5167529874054235,0.2633812571428571,5.0,4.0,1.0,0.2369477911646586,0.9966391096058344,0.0819175512578924,-0.9698873816105272,-0.243553827710992,2.0,0.0,21.0,1.0,0.0,0.0,0.0,0.0,0.0,0.0,0.0,0.0,0.0,0.0,0.0,0.0,0.0,0.0,0.0,1.0,1.0,0.0,0.0,0.0,1.0,0.0,1.0,0.0,0.0,0.0,0.0,0.1139541257142857,0.0257670303420144,0.0257670303420144,1.529402112,1.0,0.0168477800179719,0.9999999999611908,1,0.9999999999611908,1.0,0.0,False,0.0257670303420144,True,0.0,False,0.0,False,0.0,False,0.0,0.0,0.5783300850239141,0.0257670303420144,0.0257670303420144,1.529402112,1.0,0.0168477800179719,0.9999999999611908,1,0.9999999999611908,0.0,False,0.0257670303420144,True,0.0,False,0.0,False,0.0,False,0.0,False,0.0,False,0.0,0.0,0.0,0.0,0.0,0.0,-0.0386388081877636,0.0,0.6290704397893958,0.3316427142876547,0.297427725501741,0.020150279193216,0.0,0.0,0.0,0.0,0.0,0.0,0.0643868684608277,0.0168477800179719,0.0,9.778869942430052,0.465651738098077,9.199685565362602,0.0,0.0,0.0,10.153850364050925,0.0,9.79361686654396,0.0,10.29146915702312,0.0,9.473227259320268,0.375798,0.7394776342857142,0.3636796342857142,0.8021714285714285,0.2550880036962976,0.0,0.0360646622546247,h114_selected::h114_null_q2_companion_micro_c26_a032_a7e5c28d,h114_null_q2_companion_micro_c26_a032_a7e5c28d,0.016589744640421955,h112_move,,,,,,0.0360646622546247,0.0360646622546247,0.7030000000000001,0.6756843065693432,0.6614233576642337,0.0,0.0,0.0,0.0,1.0,0.7195886861313868,,0.0165897446371273,0.5676761569867653,0.0165897446404219,,,h122_core,0.0165897446404219,h124_core,0.0165897446404219,core,0.0165897446404219,,,,core,0.0165897446404219,,,,,,,,,,core,0.0165897446404219,0.0,0.238,0.0,-0.07192285714285712,0.010857142857142857,1.0,1.0,1.0,1.0,1.0,0.0,1.0,0.2909523809523809,0.925142857142857,0.6308571428571428,0.7603809523809524,0.24485714285714283,0.08416571428571426,0.4533990476190476,0.6338401428571427,0.0,0.0,0.0,0.016589744640421955,0.016589744640421955
h134_h132_precompanion_q1state_ac53dd2e,490,70,id03,2024-09-16,2024-09-15,Q1,0,0.9972051395458154,0.9976602147671274,3.9345311775958874e-05,0.2873257142857143,0.6828971428571429,0.4732446285714285,0.3082428571428571,0.1785714285714285,0.3649298285714285,1.0,1.0,0,3.0,5.4,1.0,1.0,0.0296965467736545,-7.74117929607862e-10,-1.224755447086385e-05,0.0,0.0,0.0,1.0,0.0,4.572359503932096,0.1785714285714285,0.976,0.976,1.0,1.0,episode_neighbor_q061,0.5857228571428572,0.9989490334710928,0.9798191881148232,0.000667361686174,0.9798191881148232,0.0,0.0,1.0,0.5630604,0.9970325329479997,1,0.9970325329479997,8.903194923204215e-06,0.9333714285714284,1.8374003285795435,0.003019880165356,0.0,0.0,0.0008571428571428,0.8795487717826924,0.2321230857142857,-0.0600996714204313,5.238451689482115e-06,0.997863198403637,0.2691317340745298,1.0,-0.0003768371104152,0.0,0.4542857142857143,0.964,0.6486857142857143,0.9988685714285716,1.2224999999999828,0.4364436571428571,0.0,6.0,1.0,0.2811244979919678,0.9809388143902332,-0.1943168608810976,-0.8327815731637613,0.553601708269484,2.0,0.55,21.0,1.0,0.0,0.0,0.0,0.0,0.0,0.0,1.0,0.0,0.0,0.0,0.0,0.0,0.0,0.0,0.0,0.0,0.0,0.0,0.0,1.0,1.0,0.0,1.0,0.0,0.0,1.0,0.0,0.30770208,0.0197720733359387,0.0197720733359387,1.529402112,1.0,0.012927975697686,0.9999999999494236,1,0.9999999999494236,1.0,0.0,False,0.0197720733359387,True,0.0,False,0.0,False,0.0,False,0.0,1.0,0.7332245517653593,0.0197720733359387,0.0197720733359387,1.529402112,1.0,0.012927975697686,0.9999999999494236,1,0.9999999999494236,0.0,False,0.0197720733359387,True,0.0,False,0.0,False,0.0,False,0.0,False,0.0,False,0.0,1.0,0.001472655820871,0.0243847931000206,0.0243847931000206,0.2117183366287798,0.1614515099616499,0.2102456808079088,0.7699372655250558,0.448367460888817,0.3215698046362388,0.01585611660131,0.0,0.0,0.0,0.0,0.0,0.0,0.2296644086610058,0.012927975697686,0.0,5.770555594444435,0.0049108247514013,5.282898034086138,1.31332577267875,0.0,0.0,5.734769853211276,0.0,5.531314402007937,0.0,5.95832354109642,0.0,5.122267281303441,0.3815425714285714,0.6713078971428573,0.2897653257142859,0.7914857142857142,0.2577407454678939,0.0,0.0373704410460997,h114_selected::h114_null_h010_e216_antidote_c72_a060_4232eefa,h114_null_h010_e216_antidote_c72_a060_4232eefa,0.017190402881219313,h112_move,,,,,,0.0373704410460997,0.0373704410460997,0.333125,0.6446350364963503,0.6518120437956204,0.0,0.0,0.0,0.0,1.0,0.6947357299270073,,0.0171904028812058,0.4657106122603757,0.0171904028812193,,,h122_core,0.0171904028812193,h124_core,0.0171904028812193,core,0.0171904028812193,,,,core,0.0171904028812193,,,,,,,,,,core,0.0171904028812193,0.0027997676339023,0.696,4.0,0.1700085714285715,0.36857142857142855,1.0,1.0,1.0,1.0,1.0,0.0,1.0,0.28053968253968253,0.9132142857142856,0.8220000000000001,0.7720952380952381,0.5441142857142858,0.2655497142857143,0.5162954761904763,0.6909324642857143,0.0,0.0,0.0,0.017190402881219313,0.017190402881219313
h134_h132_precompanion_q1state_ac53dd2e,492,70,id03,2024-09-16,2024-09-15,Q3,2,0.7379400612256236,0.7355869958106938,1.4288337799372997e-05,0.3116914285714286,0.6828971428571429,0.2207168285714285,0.8332285714285714,0.8417142857142857,0.3441497142857141,0.0,1.0,0,3.0,5.4,1.0,1.0,-0.0020221380359516,-3.134488404904697e-09,-4.346254514286939e-06,0.0,0.0,0.0,1.0,0.0731579621258778,0.0472847466857211,0.7742857142857142,0.44,0.1788571428571428,1.0,1.0,episode_neighbor_q061,0.3316057142857143,0.7355915224463873,-0.012109554749387,1.2950746220652398e-05,0.012109554749387,0.0,0.0,1.0,0.1411393714285714,0.7328617364915871,1,0.7328617364915871,2.4116037798910797e-07,0.5565599999999999,0.065736169256795,0.0009675930385018,0.0005668389182423,0.9919681069240556,0.4594285714285714,0.2781616572872293,0.2739041142857143,-0.0260986599217263,6.640444775363186e-05,0.7351021332494506,-0.0146242487539178,1.0,-1.3618258931202831e-05,0.0,0.4542857142857143,0.5257142857142857,0.4838571428571429,0.9333028571428572,0.0918348291785213,0.0667148571428571,0.0,6.0,1.0,0.2811244979919678,0.9809388143902332,-0.1943168608810976,-0.8327815731637613,0.553601708269484,2.0,0.55,21.0,0.0,0.0,1.0,0.0,0.0,0.0,0.0,1.0,0.0,0.0,0.0,0.0,0.0,0.0,0.0,0.0,0.0,0.0,0.0,0.0,1.0,1.0,0.0,1.0,0.0,1.0,0.0,0.451585253877551,0.5586044000000001,0.7700907963002461,0.7700907963002461,7.107716000000001,6.0,0.1083457465520763,0.9999999999987016,3,0.9999999999987016,1.0,0.3116651008788318,True,0.0,False,0.0,False,0.4417125657730827,True,0.0167131296483316,True,1.0,1.0,0.8646456331427016,0.9284922777593818,0.9284922777593818,8.827716,7.0,0.1051792193767081,0.999999999998923,4,0.999999999998923,0.3116651008788318,True,0.0,False,0.0,False,0.4417125657730827,True,0.0167131296483316,True,0.1584014814591356,True,0.0,False,1.0,1.0,0.000642519426416,0.0053275257669086,-0.0013250361624347,0.010300051773482,0.010256598227146,0.009657532347066,0.9690757285141486,0.5990434285714823,0.3700322999426663,0.3463978768927244,1.0,1.0,0.0,1.0,0.0,0.0,0.3641709279701842,0.1051792193767081,0.0332160205766701,0.1536250434134873,0.1149225874673192,0.0716990582316575,0.0,0.0713643185209317,0.0094810483544125,0.0,0.0,0.1118876131900221,0.0,0.373201325028419,0.3418100215832107,0.0,0.5918251428571428,0.7986728857142859,0.206847742857143,0.6219028571428571,0.249353944448299,1.0,0.1051792193767081,h112_pool,,0.048382440913285585,h112_move,,,,,,,,,0.6086952554744525,0.5163677007299271,0.0,0.0,0.0,0.0,1.0,0.5502455656934306,,0.0483824409132857,0.333653085374481,0.0483824409132855,,,h122_core,0.0483824409132855,h124_core,0.0483824409132855,core,0.0483824409132855,,,,core,0.0483824409132855,,,,,,,,,,core,0.0483824409132855,0.0027997676339023,0.696,4.0,0.1943685714285714,0.3977142857142857,1.0,1.0,1.0,1.0,1.0,0.0,1.0,0.6482857142857142,0.5853214285714287,0.6522857142857142,0.792904761904762,0.53,0.39782285714285714,0.32052488095238096,0.627175380952381,1.0,0.0,0.0,0.048382440913285585,0.048382440913285585
h134_h132_precompanion_q1state_ac53dd2e,553,79,id03,2024-10-10,2024-10-09,Q1,0,0.999965092483008,0.999999,3.0355389672694103e-05,0.2207085714285714,0.587957142857143,0.2472743428571429,0.3844428571428572,0.1785714285714285,0.1626244571428571,1.0,1.0,1,0.0,0.0,0.0,0.0,0.0,0.0,0.0,0.0,0.0,0.0,0.0,0.0,8.292292666675117,0.1785714285714285,0.9925714285714284,0.9925714285714284,0.0,0.0,,-0.6078028571428572,0.999999,3.5527361007026563,2.039490596037009e-05,3.5527361007026563,0.0,0.0,0.0,-0.0779048857142856,0.999999,1,0.999999,2.6313828461750225e-08,0.5382342857142858,3.5527361007026563,0.0,0.0009466069228445,1.6565621149779446,0.9977142857142856,0.8959660743017118,0.5202693142857141,2.5,2.9542646867808412e-05,0.999965092483008,0.0,0.0,0.0,0.0,0.4542857142857143,0.2202857142857142,0.0,0.6940342857142857,-0.5329104151031014,0.2136197714285714,3.0,2.0,1.0,0.3172690763052209,0.9119993982236604,-0.4101915377475272,-0.2981979110466658,0.9545040627715552,2.0,1.0,21.0,1.0,0.0,0.0,0.0,0.0,0.0,0.0,0.0,0.0,0.0,0.0,0.0,1.0,1.0,0.0,0.0,0.0,0.0,0.0,0.0,0.0,1.0,0.0,1.0,0.0,0.0,0.0,0.0,0.1005620914285714,0.0263862876921762,0.0263862876921762,1.529402112,1.0,0.0172526816101055,0.9999999999621016,1,0.9999999999621016,1.0,0.0,False,0.0263862876921762,True,0.0,False,0.0,False,0.0,False,0.0,0.0,0.5758549007954521,0.0263862876921762,0.0263862876921762,1.529402112,1.0,0.0172526816101055,0.9999999999621016,1,0.9999999999621016,0.0,False,0.0263862876921762,True,0.0,False,0.0,False,0.0,False,0.0,False,0.0,False,0.0,0.0,0.0,0.0,0.0,0.0,-0.039846936180894,0.0,0.6250712830923676,0.3315141428590378,0.2935571402333298,0.0205502499259852,0.0,0.0,0.0,0.0,0.0,0.0,0.06007280080697,0.0172526816101055,0.0,10.00337300903148,0.4802113719540781,9.486494491417565,0.0,0.0,0.0,10.471333004916016,0.0,10.099836007706088,0.0,10.41368331202739,0.0,9.659540910582546,0.3760208571428571,0.73722956,0.3612087028571428,0.8035485714285714,0.2521075865488154,0.0,0.0172526816101055,h112_pool,,0.007936233543109239,h112_move,,,,,,,,,0.6741149635036495,0.6603458029197079,0.0,0.0,0.0,0.0,1.0,0.7187747627737225,,0.0079362335406485,0.5407712349270821,0.0079362335431092,,,h122_core,0.0079362335431092,h124_core,0.0079362335431092,core,0.0079362335431092,,,,core,0.0079362335431092,,,,,,,,,,core,0.0079362335431092,0.0,0.238,0.0,-0.07180285714285714,0.011428571428571429,1.0,1.0,1.0,1.0,1.0,0.0,1.0,0.2905714285714286,0.9265714285714287,0.661047619047619,0.5802857142857143,0.24417142857142857,0.07798361904761908,0.4330695238095239,0.5963400476190477,0.0,0.0,0.0,0.007936233543109239,0.007936233543109239
h134_h132_precompanion_q1state_ac53dd2e,654,93,id04,2024-09-27,2024-09-26,S1,3,0.998429958276754,0.999069132962948,0.0001527768481507,0.4575428571428572,0.3551171428571429,0.3995511428571429,0.2573857142857143,0.1785714285714285,0.5066718857142858,1.0,1.0,0,2.0,3.6,1.0,1.0,0.0837409597663643,-8.373324111763445e-09,-4.786254179150974e-05,0.0,0.0,0.0,1.0,0.0,4.024377761195812,0.1785714285714285,0.9754285714285714,0.9754285714285714,1.0,1.0,episode_neighbor_q061,0.5904085714285715,0.999999,7.36042774880627,0.0009593144815526,7.36042774880627,0.0,0.0,1.0,0.5692686571428571,0.9961049478461746,1,0.9961049478461746,1.855270660882672e-06,0.827737142857143,0.9865637430528852,0.000512559824952,0.000552706887224,0.9672370526421388,0.1131428571428571,0.9576493951994164,0.2826968571428571,-0.9109362569470294,0.0012167621349321,0.998429958276754,0.0,0.0,0.0,0.0,0.4542857142857143,0.2202857142857142,0.0,0.9971942857142858,1.8974999999999147,0.6113861714285714,4.0,3.0,1.0,0.3734939759036144,0.7137661126871392,-0.7003841348713505,0.6867513112135004,0.7268924518431443,3.0,0.5,27.0,0.0,0.0,0.0,1.0,0.0,0.0,0.0,0.0,0.0,0.0,0.0,0.0,0.0,0.0,1.0,1.0,0.0,0.0,0.0,0.0,0.0,0.0,1.0,0.0,1.0,0.0,0.0,0.0,0.3344359314285715,0.2027030897183778,0.2027030897183778,6.570326616000001,5.0,0.0308512957673559,0.9999999999950666,3,0.9999999999950666,1.0,0.0785999228299832,True,0.0901729256207604,True,0.0,False,0.0339302412676341,True,0.0,False,0.0,1.0,0.7603810315422652,0.2478076841302427,0.2478076841302427,8.290326616000002,6.0,0.0298911847033811,0.9999999999959646,4,0.9999999999959646,0.0785999228299832,True,0.0901729256207604,True,0.0,False,0.0339302412676341,True,0.0,False,0.0451045944118648,True,0.0,False,0.0,1.0,0.0,0.0,0.0,0.2128206521970911,0.2119228108779511,0.2128206521970911,0.8004250966052004,0.2200790000002017,0.5803460966049987,0.1164664419832658,1.0,0.0,0.0,0.0,1.0,0.0,0.4852050493203056,0.0298911847033811,0.0,5.0191393284577845,0.0,5.462643029078851,0.0,0.0,0.0,4.938778283762126,0.0,4.92118214293289,0.0,4.864812781984557,0.0,4.666859735365868,0.3656202857142857,0.6146721657142858,0.2490518800000001,0.7910228571428571,0.3875485649663874,1.0,0.0610217107728617,h114_selected::h114_null_h010_e216_antidote_c72_a060_4232eefa,h114_null_h010_e216_antidote_c72_a060_4232eefa,0.0280699869555745,h112_move,,,,,,0.0610217107728617,0.0610217107728617,0.619375,0.8155383211678833,0.7606126824817518,0.0,0.0,0.0,0.0,1.0,0.7737241697080292,,0.0280699869555163,0.5037768407252806,0.0280699869555745,,,h122_core,0.0280699869555745,h124_core,0.0280699869555745,core,0.0280699869555745,,,,core,0.0280699869555745,,,,,,,,,,core,0.0280699869555745,0.0022046693380863,0.664,5.0,-0.05530571428571429,0.016,1.0,1.0,1.0,1.0,1.0,0.0,1.0,0.2767936507936508,0.9127142857142858,0.881904761904762,0.7758571428571429,0.21937142857142855,0.017055619047619014,0.5419295238095239,0.7113696190476191,0.0,0.0,0.0,0.0280699869555745,0.0280699869555745
h134_h132_precompanion_q1state_ac53dd2e,710,101,id04,2024-10-24,2024-10-23,S1,3,0.9999955296275088,0.999999,1.972906776388203e-06,0.2503028571428571,0.2851371428571428,0.2616311428571428,0.1185571428571428,0.1785714285714285,0.3598385142857143,1.0,1.0,0,2.0,3.6,1.0,1.0,0.2395960331139717,-1.2473831506725582e-10,-7.065236516934687e-07,0.0,0.0,0.0,1.0,0.0,9.854389507181136,0.1785714285714285,0.9994285714285714,0.9994285714285714,1.0,1.0,episode_neighbor_q061,0.5065628571428572,0.999999,1.497475206867735,1.7878337637259376e-06,1.497475206867735,0.0,0.0,1.0,0.3777100571428571,0.999999,1,0.999999,1.8774094140687362e-08,0.5243714285714286,3.3949752068571986,0.0,0.000693784265433,1.2141224645077733,0.9794285714285714,0.9158762516436086,0.6323614857142855,1.497475206867735,1.972906776388203e-06,0.999999,1.497475206867735,1.0,-1.972906776388203e-06,0.0,0.4542857142857143,0.9857142857142858,0.6159428571428571,0.9317714285714286,1.8974999999894635,0.2623636571428571,3.0,2.0,1.0,0.4056224899598393,0.5588441929376095,-0.8292726741066004,0.9784091409455726,0.2066774126849536,3.0,0.8076923076923077,27.0,0.0,0.0,0.0,1.0,0.0,0.0,0.0,0.0,0.0,0.0,0.0,0.0,1.0,1.0,0.0,0.0,0.0,0.0,0.0,0.0,0.0,0.0,1.0,0.0,1.0,0.0,1.0,0.0,0.2215317942857143,0.1137636697055818,0.1137636697055818,2.646602112,2.0,0.0429848027362032,0.9999999999912098,1,0.9999999999912098,1.0,0.0,False,0.1137636697055818,True,0.0,False,0.0,False,0.0,False,0.0,1.0,0.7306737403418022,0.1137636697055818,0.1137636697055818,2.646602112,2.0,0.0429848027362032,0.9999999999912098,1,0.9999999999912098,0.0,False,0.1137636697055818,True,0.0,False,0.0,False,0.0,False,0.0,False,0.0,False,0.0,1.0,0.0081940005610528,0.1356793661566797,0.1356793661566797,0.2128206521959189,0.2119228108767838,0.2046266516348661,0.7602367649588924,0.4525019525106696,0.3077348124482227,0.0640178138771186,0.0,0.0,0.0,0.0,0.0,0.0,0.2245490959155061,0.0429848027362032,0.0,12.09686789487716,0.0273243076881429,12.127678262073143,7.307472639336594,0.0,0.0,12.403216077797271,0.0,12.338009018936305,0.0,11.96749068821022,0.0,11.42448321430591,0.3736208571428571,0.7025124685714287,0.3288916114285716,0.8090742857142859,0.2724030667515424,0.0,0.0429848027362032,h112_pool,,0.0037611701865660763,h112_move,,,,,,,,,0.6812408759124088,0.6881222627737227,0.0,0.0,0.0,0.0,1.0,0.7482548540145985,0.6715325627737226,,,,,,,,h125_bundle,0.0150446809576711,id04_closure,0.0075223404692383,,,,id04_closure,0.0075223404515476,,,,,,,,,,id04_closure,0.0075223404515476,0.0,0.238,0.0,0.08663142857142858,0.23714285714285716,0.0,0.0,1.0,1.0,1.0,0.0,0.0,0.26104761904761903,0.9323571428571429,0.7309523809523809,0.6819047619047619,0.4924571428571428,0.23745980952380955,0.4925907142857142,0.5708891309523809,0.0,0.0,0.0,0.0037611701865660763,0.0037611701865660763
h134_h132_precompanion_q1state_ac53dd2e,717,102,id04,2024-10-25,2024-10-24,S1,3,0.9999704219951868,0.999999,2.5191382167977616e-05,0.2859885714285714,0.2560971428571428,0.2670284,0.1369285714285714,0.1785714285714285,0.3761177142857143,1.0,1.0,0,6.0,5.73253962416352,3.0,1.0,3.387059582885936,-4.42519640842679e-09,-2.5191382167977613e-05,1.0,1.0,1.0,0.0,0.0,7.945731402367253,0.1785714285714285,0.9891428571428572,0.9891428571428572,0.0,0.0,,0.5663628571428572,0.999999,3.387059582885936,1.7136802069023225e-05,3.387059582885936,1.0,1.0,1.0,0.5503654285714286,0.999999,1,0.999999,1.841103517427407e-08,0.5231371428571429,3.387059582885936,0.0,0.000696698706419,1.2192227362333363,0.98,0.9397387987089018,0.7029854857142858,2.5,2.465046289921723e-05,0.9999957917100624,1.950000000025362,1.0,-2.342014345839666e-05,0.0,0.4542857142857143,0.9988571428571428,0.6302571428571428,0.0,0.0,0.2966862857142857,4.0,3.0,1.0,0.4096385542168674,0.5377429062990123,-0.8431088700310843,0.9912377749919372,0.1320896416417029,3.0,0.8461538461538461,27.0,0.0,0.0,0.0,1.0,0.0,0.0,0.0,0.0,0.0,0.0,0.0,0.0,0.0,0.0,1.0,1.0,0.0,0.0,0.0,0.0,0.0,0.0,1.0,0.0,1.0,0.0,0.0,0.0,0.2997629142857143,0.0264753621880781,0.0264753621880781,1.529402112,1.0,0.0173109229942405,0.9999999999622292,1,0.9999999999622292,1.0,0.0,False,0.0264753621880781,True,0.0,False,0.0,False,0.0,False,0.0,0.0,0.6481134022811816,0.0264753621880781,0.0264753621880781,1.529402112,1.0,0.0173109229942405,0.9999999999622292,1,0.9999999999622292,0.0,False,0.0264753621880781,True,0.0,False,0.0,False,0.0,False,0.0,False,0.0,False,0.0,0.0,0.010670160695136,0.1766805639222414,0.1766805639222414,0.0,0.0,-0.010670160695136,0.646553770680955,0.4626546676725575,0.1838991030083974,0.0182232580913678,0.0,0.0,0.0,0.0,0.0,0.0,0.1019545428574644,0.0173109229942405,0.0,9.621783081310983,0.0355814905971114,9.077525654157764,9.515731266561325,0.0,0.0,9.98301810059422,0.0,10.046775539443107,0.0,9.763922080818388,0.0,9.286733978895112,0.373158,0.6482171714285714,0.2750591714285714,0.8011142857142858,0.1925207601356923,0.0,-0.0491262363039522,h114_selected::h114_null_h010_e216_antidote_c72_a060_4232eefa,h114_null_h010_e216_antidote_c72_a060_4232eefa,-0.02259806870090486,h112_move,,,,,,-0.0491262363039522,0.0491262363039522,0.366875,0.6292107664233577,0.6078325729927009,0.0,0.0,0.0,0.0,1.0,0.6882759762773724,,-0.022598068699818,0.4862187765111887,-0.0225980687009048,,,h122_core,-0.0225980687009048,h124_core,-0.0225980687009048,core,-0.0225980687009048,,,,core,-0.0225980687009048,,,,,,,,,,core,-0.0225980687009048,0.0002677451970435,0.5,1.0,0.050762857142857075,0.11485714285714285,1.0,1.0,1.0,1.0,1.0,0.0,1.0,0.2635238095238095,0.9242142857142858,0.7353333333333333,0.8353333333333334,0.3037714285714285,0.08585676190476185,0.4949454761904762,0.6820475833333334,0.0,0.0,0.0,-0.02259806870090486,-0.02259806870090486
h134_h132_precompanion_q1state_ac53dd2e,724,103,id04,2024-10-26,2024-10-25,S1,3,0.9999957361111348,0.999999,1.813712568651167e-06,0.2447657142857142,0.3766971428571429,0.3028882857142857,0.1203,0.1785714285714285,0.3562014857142857,1.0,1.0,0,0.0,0.0,0.0,0.0,0.0,0.0,0.0,0.0,0.0,0.0,0.0,0.0,9.843971119946652,0.1785714285714285,0.9982857142857144,0.9982857142857144,0.0,0.0,,-0.502,0.999999,1.450184886886019,1.6616057678443772e-06,1.450184886886019,0.0,0.0,0.0,0.2802216,0.999999,1,0.999999,1.707946836537779e-08,0.5197771428571429,3.34768488688154,0.0,0.000666171163054,1.1657995353446626,0.9668571428571427,0.9494773599800328,0.5639044571428572,1.450184886886019,1.813712568651167e-06,0.9999973577727098,0.4785610126920296,1.0,-1.1431061620296904e-06,0.0,0.4542857142857143,0.9748571428571428,0.6108,0.9318514285714288,1.8974999999955209,0.1728528,5.0,4.0,1.0,0.4136546184738955,0.5162992362700406,-0.85640825464668,0.9983886888289512,0.0567452730930745,3.0,0.8846153846153846,27.0,0.0,0.0,0.0,1.0,0.0,0.0,0.0,0.0,0.0,0.0,0.0,0.0,0.0,0.0,0.0,0.0,1.0,1.0,0.0,0.0,0.0,0.0,1.0,0.0,1.0,0.0,1.0,0.0,0.1650835657142857,0.1145193371828467,0.1145193371828467,2.646602112,2.0,0.0432703263794582,0.9999999999912678,1,0.9999999999912678,1.0,0.0,False,0.1145193371828467,True,0.0,False,0.0,False,0.0,False,0.0,1.0,0.7240774111989521,0.1145193371828467,0.1145193371828467,2.646602112,2.0,0.0432703263794582,0.9999999999912678,1,0.9999999999912678,0.0,False,0.1145193371828467,True,0.0,False,0.0,False,0.0,False,0.0,False,0.0,False,0.0,1.0,0.0026186271321972,0.04336022030386,0.04336022030386,0.2128206521965983,0.2119228108774603,0.210202025064401,0.7504028662160426,0.4343176550083283,0.3160852112077142,0.0650049206800762,0.0,0.0,0.0,0.0,0.0,0.0,0.2242402225991068,0.0432703263794582,0.0,12.08294845921393,0.0087322636784739,12.079362456180387,2.335311790446958,0.0,0.0,12.263832607067824,0.0,12.344101155910616,0.0,12.00678684769595,0.0,11.461826288459225,0.3735197142857143,0.6712597828571428,0.2977400685714285,0.8085657142857143,0.2592061924248687,0.0,0.0432703263794582,h112_pool,,0.015144614268537637,h112_move,,,,,,,,,0.6578284671532848,0.6658270985401461,0.0,0.0,0.0,0.0,1.0,0.7236761770072994,0.6444988052919709,,,,,,h124_refill,0.0151446142328103,h124_core,0.0151446142685376,s1_margin,0.0151446142685376,,,,s1_margin,0.0151446142685376,,,,,,,,,,s1_margin,0.0151446142685376,0.0,0.238,0.0,0.08171714285714289,0.22342857142857142,0.0,1.0,1.0,1.0,1.0,0.0,1.0,0.26117460317460317,0.9320714285714287,0.7122857142857143,0.5848571428571429,0.4896,0.2378902857142857,0.47057928571428576,0.6203756071428571,0.0,0.0,1.0,0.015144614268537637,0.015144614268537637
h134_h132_precompanion_q1state_ac53dd2e,945,135,id06,2024-07-14,2024-07-13,Q1,0,0.3265168623517541,0.332467224835243,8.025667657762803e-05,0.3744571428571428,0.4153771428571429,-0.0994901714285714,0.9742571428571428,0.9685714285714284,0.3800493714285714,0.0,1.0,0,0.0,0.0,0.0,0.0,0.0,0.0,0.0,0.0,0.0,0.0,0.0,0.5725434492673942,0.0,0.9817142857142858,0.0777142857142857,0.1788571428571428,0.0,0.0,,-0.8262657142857144,0.3323169909206154,0.0262571471809444,6.938334396489054e-05,0.0262571471809444,0.0,0.0,0.0,0.0315527428571428,0.344659554634995,1,0.655340445365005,9.866239582278026e-07,0.6901028571428571,-0.123946419174583,0.0014640261314393,0.0003771091657354,0.6599410400369783,0.0062857142857142,0.7984103847618609,-0.0157502857142857,0.081383632605916,0.0007415524517681,0.335027405247487,0.0384478717404617,1.0,-5.975131469893036e-05,0.0,0.4542857142857143,0.6268571428571429,0.5252571428571429,0.9829828571428572,-0.1743681471515381,-0.0398052571428571,6.0,5.0,1.0,0.5421686746987951,-0.2618644849608063,-0.9651046531419334,-0.7137661126871386,-0.7003841348713511,5.0,0.3043478260869565,24.0,1.0,0.0,0.0,0.0,0.0,0.0,0.0,0.0,0.0,0.0,0.0,0.0,0.0,0.0,0.0,0.0,0.0,0.0,1.0,1.0,0.0,1.0,0.0,1.0,0.0,1.0,0.0,0.5163187670204081,0.4296957028571428,-1.2220745516413385,1.2220745516413385,9.075917984000002,8.0,-0.1346502418593477,0.9999999999991817,4,0.9999999999991817,1.0,-0.3911686833600001,True,0.0,False,-0.1386865316229119,True,-0.6604569346476825,True,-0.0317624020107437,True,1.0,1.0,0.8369347081141875,-1.4189332052397048,1.4189332052397048,10.795917984000004,9.0,-0.1314323809556992,0.9999999999992952,5,0.9999999999992952,-0.3911686833600001,True,0.0,False,-0.1386865316229119,True,-0.6604569346476825,True,-0.0317624020107437,True,-0.1968586535983664,True,0.0,False,1.0,1.0,0.0003485908941321,0.0072009633075822,-0.0034835854669879,0.0229102171398519,0.0206172507194241,0.0225616262457198,0.9558878238627676,0.6504054285714638,0.3054823952913038,0.4698379487938927,1.0,0.0,0.0,0.0,1.0,0.0,0.3174150034943337,-0.1314323809556992,0.0,0.6712685629840042,0.1648895127459001,0.4377230371122929,0.0,0.18762031551215,0.0,0.6056095949547243,0.0,0.5841240644377561,0.0,0.7818895943950098,0.0,0.4365646153040047,0.4885834285714285,0.8901125942857142,0.4015291657142856,0.9482457142857142,0.3627588943761483,1.0,-0.1314323809556992,h112_pool,,-0.060458895239622,h112_move,,,,,,,,,0.8301596715328468,0.6513471715328467,0.0,0.0,0.0,0.0,1.0,0.6687571989051097,,-0.0604588952396216,0.5979189160411578,-0.060458895239622,,,h122_core,-0.060458895239622,h124_core,-0.060458895239622,core,-0.060458895239622,,,,core,-0.060458895239622,,,,,,,,,,core,-0.060458895239622,0.0,0.238,0.0,0.14479142857142852,0.3342857142857143,1.0,1.0,1.0,1.0,1.0,0.0,1.0,0.5363492063492062,0.8355,0.5945714285714286,0.6029047619047619,0.5903428571428571,0.352014857142857,0.3554588095238096,0.598984392857143,1.0,1.0,0.0,-0.060458895239622,-0.060458895239622
h134_h132_precompanion_q1state_ac53dd2e,947,135,id06,2024-07-14,2024-07-13,Q3,2,0.8233562803446187,0.8211995281478749,1.5940535035174896e-05,0.2876571428571428,0.4153771428571429,-0.0838771142857143,0.9258,0.964,0.3306977142857142,1.0,1.0,0,0.0,0.0,0.0,0.0,0.0,0.0,0.0,0.0,0.0,0.0,0.0,0.2445756176535394,0.0,0.9285714285714286,0.0777142857142857,0.1788571428571428,0.0,0.0,,-0.7948314285714286,0.8212701536208874,-0.0142775087436182,1.3569943485169931e-05,0.0142775087436182,0.0,0.0,0.0,0.0141144571428571,0.8135768926925118,0,0.8135768926925118,6.984182582356931e-08,0.3558057142857143,0.0404020375392994,0.0006730519548812,0.0005742784329964,1.0049872577438463,0.7342857142857143,0.3838669842879127,0.360628,-0.0658326085220084,0.0003241510323629,0.8192405880794565,-0.0280433228436189,1.0,-9.664076740523164e-07,0.0,0.4542857142857143,0.5822857142857143,0.4927714285714286,0.93888,0.1062346460613079,-0.0398117714285714,6.0,5.0,1.0,0.5421686746987951,-0.2618644849608063,-0.9651046531419334,-0.7137661126871386,-0.7003841348713511,5.0,0.3043478260869565,24.0,0.0,0.0,1.0,0.0,0.0,0.0,0.0,0.0,0.0,0.0,0.0,0.0,0.0,0.0,0.0,0.0,0.0,0.0,1.0,1.0,0.0,1.0,0.0,1.0,0.0,1.0,0.0,0.4626532388571429,0.4524815657142857,1.3437401773549027,1.3437401773549027,11.129117984000002,10.0,0.1207409409520715,0.9999999999992556,4,0.9999999999992556,1.0,0.3911686833600005,True,0.0,False,0.1386865316229125,True,0.7825132336267071,True,0.0313717287452824,True,1.0,1.0,0.8436229597713392,1.520263433026832,1.520263433026832,12.849117984000005,11.0,0.1183165595428245,0.9999999999993422,5,0.9999999999993422,0.3911686833600005,True,0.0,False,0.1386865316229125,True,0.7825132336267071,True,0.0313717287452824,True,0.1765232556719291,True,0.0,False,1.0,1.0,0.0,0.0,-0.0025408769713844,0.0119151128646617,0.0118648457475297,0.0119151128646617,0.9578289322170594,0.4675645714286043,0.4902643607884551,0.5307263246663773,1.0,1.0,0.0,1.0,0.0,0.0,0.4068974322957098,0.1183165595428245,0.0,0.3716574680399225,0.0,0.3159261268225676,0.0,0.1368475507681168,0.0,0.1848533633331791,0.0,0.2316944639395928,0.0,0.7735207556776947,0.0,0.0767778160593855,0.473472,0.6821922685714287,0.2087202685714286,0.8424628571428571,0.2913084119610839,1.0,0.1183165595428245,h112_pool,,0.05442561738969953,h112_move,,,,,,,,,0.6937408759124087,0.5903348540145985,0.0,0.0,0.0,0.0,1.0,0.6263018430656933,,0.0544256173896992,0.4335384786987214,0.0544256173896995,,,h122_core,0.0544256173896995,h124_core,0.0544256173896995,core,0.0544256173896995,,,,core,0.0544256173896995,,,,,,,,,,core,0.0544256173896995,0.0,0.238,0.0,0.12197428571428562,0.30514285714285716,1.0,1.0,1.0,1.0,1.0,0.0,0.0,0.5254920634920635,0.7357857142857144,0.5652380952380952,0.5196666666666666,0.5727428571428571,0.34031123809523806,0.31145023809523814,0.47779512380952377,1.0,1.0,0.0,0.05442561738969953,0.05442561738969953
h134_h132_precompanion_q1state_ac53dd2e,951,135,id06,2024-07-14,2024-07-13,S4,6,0.8326790220313127,0.833879711711521,5.183653563278767e-06,0.2921257142857143,0.4153771428571429,-0.1112793428571428,0.8874,0.9285714285714286,0.3429414857142857,1.0,1.0,0,0.0,0.0,0.0,0.0,0.0,0.0,0.0,0.0,0.0,0.0,0.0,0.3617674279706701,0.0,0.9582857142857144,0.0777142857142857,0.1788571428571428,0.0,0.0,,-0.7936942857142857,0.8337650677901544,0.0078153785157646,3.859087214619361e-06,0.0078153785157646,0.0,0.0,0.0,-0.0153674857142856,0.8312358502886998,1,0.8312358502886998,3.840924880026521e-07,0.6961371428571429,-0.0989839981964375,0.0011361898931917,0.0005810148178281,1.016775931199321,0.8325714285714285,0.5783184363674189,0.3844385142857142,-0.010322855520866,7.457335124527731e-06,0.8329793279449548,0.0021569871909787,1.0,-2.0186312811865115e-06,0.0,0.4542857142857143,0.4594285714285714,0.4581428571428572,0.9290628571428572,-0.0886611426755714,-0.0597717714285714,6.0,5.0,1.0,0.5421686746987951,-0.2618644849608063,-0.9651046531419334,-0.7137661126871386,-0.7003841348713511,5.0,0.3043478260869565,24.0,0.0,0.0,0.0,0.0,0.0,0.0,1.0,0.0,0.0,0.0,0.0,0.0,0.0,0.0,0.0,0.0,0.0,0.0,1.0,1.0,0.0,0.0,1.0,0.0,1.0,1.0,0.0,0.4256435118367347,0.4147663657142857,-3.113611565402525,3.113611565402525,16.707488600000005,14.0,-0.1863602388094604,0.9999999999996788,5,0.9999999999996788,1.0,-1.493986646899619,True,-0.6039396286675396,True,-0.138686531622912,True,-0.8757777912990263,True,-0.0012209669134282,True,1.0,1.0,0.8460934946285328,-3.386070234541956,3.386070234541956,18.427488600000004,15.0,-0.183751042154587,0.9999999999997048,6,0.9999999999997048,-1.493986646899619,True,-0.6039396286675396,True,-0.138686531622912,True,-0.8757777912990263,True,-0.0012209669134282,True,-0.2724586691394307,True,0.0,False,1.0,1.0,0.0,0.0,-0.0001954347247539,0.0099440960256945,0.0099021441746819,0.0099440960256945,0.9603380612456768,0.4624160000000147,0.4979220612456621,0.9917374903489484,1.0,0.0,0.0,0.0,1.0,0.0,0.4323166662477437,-0.183751042154587,0.0,0.4490884507555341,0.0,0.4443015045283022,0.0,0.010525800233078,0.0,0.551124373059254,0.0,0.6171416084035087,0.0,0.2016003146868467,0.0,0.4440385861619784,0.4788982857142857,0.6921542685714285,0.2132559828571427,0.9275371428571428,0.3397319961913234,1.0,-0.183751042154587,h112_pool,,-0.045,h112_move,,,,,,,,,0.7866058394160585,0.6321359489051095,0.0,0.0,0.0,0.0,1.0,0.6554274270072993,,-0.08452547939111,0.4893008963098968,-0.0845254793911103,,,,,,,,,,,,,,,,,,,,,,,,,0.0,0.238,0.0,0.10556857142857143,0.28685714285714287,0.0,0.0,0.0,0.0,0.0,0.0,0.0,0.5208571428571429,0.7925000000000001,0.5671428571428572,0.5207142857142857,0.5498857142857143,0.3302617142857143,0.3333735714285714,0.4838593214285714,0.0,0.0,0.0,-0.045,-0.045
h134_h132_precompanion_q1state_ac53dd2e,955,136,id06,2024-07-16,2024-07-15,S1,3,0.999996621705469,0.999999,1.1609263535950071e-06,0.2574685714285714,0.5588971428571429,0.3962640571428571,0.1325285714285714,0.1785714285714285,0.3654572571428571,1.0,1.0,0,0.0,0.0,0.0,0.0,0.0,0.0,0.0,0.0,0.0,0.0,0.0,0.0,9.09573979402998,0.1785714285714285,0.9948571428571428,0.9948571428571428,0.0,0.0,,-0.4554628571428571,0.999999,1.2173733837997354,1.085319014606114e-06,1.2173733837997354,0.0,0.0,0.0,0.3007446857142857,0.999999,1,0.999999,1.1809670522517162e-08,0.5043942857142858,3.1148733837753255,0.0,0.0006203054855564,1.0855345997238517,0.9354285714285714,0.8604661590110827,0.5619345142857143,1.2173733837997354,1.1609263535950071e-06,0.9999977393804644,0.4017332167084149,1.0,-7.159449299690108e-07,0.0,0.4542857142857143,0.9725714285714284,0.6091714285714286,0.9280457142857144,1.8974999999755904,0.1918572571428571,1.0,0.0,1.0,0.5461847389558233,-0.2861316735085688,-0.9581903075147368,-0.7646910926171749,-0.6443970304648767,5.0,0.3478260869565217,24.0,0.0,0.0,0.0,1.0,0.0,0.0,0.0,0.0,1.0,1.0,0.0,0.0,0.0,0.0,0.0,0.0,0.0,0.0,0.0,0.0,0.0,0.0,1.0,0.0,1.0,0.0,1.0,0.0,0.1649308685714285,0.1078245327270541,0.1078245327270541,2.646602112,2.0,0.0407407415864003,0.9999999999907256,1,0.9999999999907256,1.0,0.0,False,0.1078245327270541,True,0.0,False,0.0,False,0.0,False,0.0,1.0,0.7237872404560299,0.1078245327270541,0.1078245327270541,2.646602112,2.0,0.0407407415864003,0.9999999999907256,1,0.9999999999907256,0.0,False,0.1078245327270541,True,0.0,False,0.0,False,0.0,False,0.0,False,0.0,False,0.0,1.0,0.0021982348609215,0.0363992057812387,0.0363992057812387,0.2128206521943629,0.2119228108752343,0.2106224173334414,0.7508752221359744,0.4328117618370695,0.3180634602989048,0.0613300594436094,0.0,0.0,0.0,0.0,0.0,0.0,0.2253510309390906,0.0407407415864003,0.0,11.125255609929464,0.0073303931654727,11.3686745175063,1.960402733845538,0.0,0.0,11.577644073084873,0.0,11.247982537883535,0.0,10.866282018877031,0.0,10.547968774709288,0.3735008571428571,0.6684614342857145,0.2949605771428573,0.8054857142857144,0.2585569632263502,0.0,0.0407407415864003,h112_pool,,0.020000000069602564,h112_move,,,,,,,,,0.655059306569343,0.6613740875912409,0.0,0.0,0.0,0.0,1.0,0.7187182116788322,0.6393687540145986,,,,,,,,,,,,,,,,,5.595907628456637e-06,-0.0766534426324025,-0.9611205493867786,0.999999999981464,0.999999999981464,0.1649308685714285,0.1649308685714285,1.0,0.4867047504509922,,,0.0,0.238,0.0,0.08286285714285715,0.22628571428571428,0.0,0.0,0.0,0.0,1.0,0.0,1.0,0.262984126984127,0.9284285714285715,0.7432380952380951,0.5837142857142857,0.49228571428571427,0.23349523809523814,0.47828047619047614,0.6279038809523808,0.0,0.0,1.0,0.020000000069602564,0.020000000069602564
h134_h132_precompanion_q1state_ac53dd2e,962,137,id06,2024-07-17,2024-07-16,S1,3,0.9999777475943514,0.999999,1.815018136247524e-05,0.3697314285714286,0.600277142857143,0.4718393714285714,0.1123857142857143,0.1785714285714285,0.4367057142857142,1.0,1.0,0,13.0,10.2939173997288,2.0,1.0,3.1024713744286725,-8.759179557432705e-09,-1.8150181362475237e-05,1.0,1.0,0.0,0.0,0.0,7.235815030821701,0.1785714285714285,0.9805714285714284,0.9805714285714284,0.0,0.0,,0.6491142857142858,0.999999,3.1024713744286725,1.2658442695878516e-05,3.1024713744286725,1.0,0.0,1.0,0.5313582571428572,0.999999,1,0.999999,1.1580837270025951e-08,0.5028971428571429,3.1024713744286725,0.0,0.000616887489048,1.0795531058340535,0.9274285714285714,0.8999369779117824,0.7110469142857143,2.5,1.792602557125711e-05,0.999996833999218,1.9499999999988784,1.0,-1.713664744319173e-05,0.0,0.4542857142857143,0.992,0.6255428571428572,0.0,0.0,0.3411656,2.0,1.0,1.0,0.5502008032128514,-0.3102166806991763,-0.950665877696252,-0.811235991218592,-0.5847188782240474,5.0,0.391304347826087,24.0,0.0,0.0,0.0,1.0,0.0,0.0,0.0,0.0,0.0,0.0,1.0,1.0,0.0,0.0,0.0,0.0,0.0,0.0,0.0,0.0,0.0,0.0,1.0,0.0,1.0,0.0,0.0,0.0,0.2286908457142857,0.0242862787110667,0.0242862787110667,1.529402112,1.0,0.0158795901486573,0.9999999999588244,1,0.9999999999588244,1.0,0.0,False,0.0242862787110667,True,0.0,False,0.0,False,0.0,False,0.0,0.0,0.6461230566807732,0.0242862787110667,0.0242862787110667,1.529402112,1.0,0.0158795901486573,0.9999999999588244,1,0.9999999999588244,0.0,False,0.0242862787110667,True,0.0,False,0.0,False,0.0,False,0.0,False,0.0,False,0.0,0.0,0.0106701606949911,0.1766805639198418,0.1766805639198418,0.0,0.0,-0.0106701606949911,0.644274909857669,0.4589158105295827,0.1853590993280863,0.0167457572618815,0.0,0.0,0.0,0.0,0.0,0.0,0.1039828771722786,0.0158795901486573,0.0,8.653418969558379,0.0355814905966282,8.305610735178423,9.515731266432086,0.0,0.0,9.14422292534588,0.0,8.927812519884057,0.0,8.649607321926593,0.0,8.396470118517831,0.3699454285714285,0.6461097085714286,0.27616428,0.7938000000000001,0.1938496371840471,0.0,-0.044728926205835,h114_selected::h114_null_h010_e216_antidote_c72_a060_4232eefa,h114_null_h010_e216_antidote_c72_a060_4232eefa,-0.02057530606843372,h112_move,,,,,,-0.044728926205835,0.044728926205835,0.33875,0.6306979927007299,0.6122454379562045,0.0,0.000134915854885,0.000134915854885,0.0,1.0,0.6935314416058395,,-0.0205753060546841,0.4865912368425785,-0.0205753060635451,,,h122_core,-0.0205753060684337,h124_core,-0.0205753060684337,core,-0.0205753060684337,,,,core,-0.0205753060684337,,,,,,,,,,core,-0.0205753060684337,0.0,0.238,0.0,0.014968571428571414,0.054285714285714284,1.0,1.0,1.0,1.0,1.0,0.0,1.0,0.2602857142857143,0.9161428571428571,0.8198095238095239,0.8194761904761906,0.2946285714285714,0.05239009523809521,0.5198057142857144,0.7016529523809525,0.0,0.0,0.0,-0.02057530606843372,-0.02057530606843372
h134_h132_precompanion_q1state_ac53dd2e,1012,144,id06,2024-08-14,2024-08-13,S2,4,0.9999959292610848,0.999999,1.666919095250906e-06,0.2473999999999999,0.670817142857143,0.4452796,0.1277285714285714,0.1785714285714285,0.36927,1.0,1.0,0,6.0,4.40455491164904,2.0,1.0,1.4038276053337364,-3.885961219697539e-10,-1.666919095250906e-06,1.0,1.0,0.0,0.0,0.0,9.635517453110577,0.1785714285714285,0.9965714285714286,0.9965714285714286,0.0,0.0,,0.6091914285714287,0.999999,1.4038276053337366,1.543528956725406e-06,1.4038276053337366,1.0,0.0,1.0,0.4963339428571429,0.999999,1,0.999999,1.6045441135884457e-08,0.5168628571428572,3.301327605306856,0.0,0.0006418679262943,1.1232688710151584,0.9514285714285714,0.909933617216266,0.7047982857142859,1.4038276053337366,1.666919095250906e-06,0.999999,1.4038276053337366,1.0,-1.666919095250906e-06,0.0,0.4542857142857143,0.984,0.6147428571428571,0.9294514285714288,1.8974999999731192,0.3850804571428571,2.0,1.0,1.0,0.5783132530120482,-0.4724395684796706,-0.881363066014649,-0.9955262728085588,-0.0944851318880323,5.0,0.6956521739130435,24.0,0.0,0.0,0.0,0.0,1.0,0.0,0.0,0.0,0.0,0.0,1.0,1.0,0.0,0.0,0.0,0.0,0.0,0.0,0.0,0.0,0.0,0.0,1.0,0.0,1.0,0.0,1.0,0.0,0.3272490742857143,0.7170411961753484,0.7170411961753484,11.051076096,9.0,0.0648842872808396,0.9999999999986054,4,0.9999999999986054,1.0,0.0213525618786176,True,0.1120378448511756,True,0.4213198449256977,True,0.1623309445198574,True,0.0,False,0.0,1.0,0.7576297001141183,0.811902024162181,0.811902024162181,12.771076096000002,10.0,0.0635735014073255,0.9999999999987684,5,0.9999999999987684,0.0213525618786176,True,0.1120378448511756,True,0.4213198449256977,True,0.1623309445198574,True,0.0,False,0.0948608279868325,True,0.0,False,0.0,1.0,0.0076815723779406,0.1271943861316658,0.1271943861316658,0.2128206521940858,0.2119228108749584,0.2051390798161451,0.7906263471769865,0.45157375490729,0.3390525922696965,0.2469254015477515,1.0,1.0,0.0,1.0,0.0,0.0,0.3292842311553792,0.0635735014073255,0.0,11.788392518269776,0.0256155275582041,11.904275354509238,6.850485249621745,0.0,0.0,12.391731670808984,0.0,11.69695613919681,0.0,11.711942786544157,0.0,11.268328359749326,0.3736328571428571,0.7125683085714286,0.3389354514285715,0.8074742857142856,0.3042000130962352,1.0,0.0635735014073255,h112_pool,,0.015893375359269157,h112_move,,,,,,,,,0.7757025547445254,0.7651788321167883,0.0,0.0,0.0,0.0,1.0,0.8169665693430658,0.7027138890510949,,,,,,,,,,,,1.0,0.7583173076923077,0.0635735014073255,h127_residual_basis,0.0158933753518313,,,,,,,,,,h127_residual_basis,0.0158933753592691,0.0,0.238,0.0,0.08511142857142853,0.2342857142857143,0.0,0.0,0.0,1.0,1.0,0.0,1.0,0.2626349206349206,0.9305714285714286,0.812952380952381,0.8108571428571429,0.4945142857142857,0.22172038095238097,0.5394304761904765,0.7075835238095239,0.0,0.0,1.0,0.015893375359269157,0.015893375359269157
h134_h132_precompanion_q1state_ac53dd2e,1019,145,id06,2024-08-15,2024-08-14,S2,4,0.9999705088278752,0.999999,2.5107487037714465e-05,0.4093657142857143,0.7951771428571428,0.5849909142857141,0.0959285714285714,0.1785714285714285,0.4980900000000001,0.0,1.0,0,21.0,18.02115831398056,3.0,1.0,3.330607024538926,-4.5566816288089456e-09,-2.5090471514524733e-05,1.0,1.0,1.0,0.0,0.0,7.935870559345889,0.1785714285714285,0.9885714285714284,0.9885714285714284,0.0,0.0,,0.6762885714285715,0.999999,3.384119460132755,1.7083718514319476e-05,3.384119460132755,1.0,0.0,1.0,0.5508219999999999,0.999999,1,0.999999,1.8559295532141626e-08,0.5236057142857142,3.384119460132755,0.0,0.0006967349722579,1.219286201451496,0.9805714285714284,0.918736749014098,0.771658742857143,2.5,2.4570755711074617e-05,0.9999958040647284,1.950000000026172,1.0,-2.334566292336332e-05,0.0,0.4542857142857143,0.9994285714285714,0.6303428571428572,0.0,0.0,0.3299988571428571,3.0,2.0,1.0,0.5823293172690763,-0.4945268361343749,-0.8691623601738199,-0.9998209226697378,-0.0189241272410192,5.0,0.7391304347826086,24.0,0.0,0.0,0.0,0.0,1.0,0.0,0.0,0.0,0.0,0.0,0.0,0.0,1.0,1.0,0.0,0.0,0.0,0.0,0.0,0.0,0.0,0.0,1.0,0.0,1.0,0.0,0.0,0.0,0.2520541714285714,0.0772986497179071,0.0772986497179071,2.646602112,2.0,0.0292067513161109,0.9999999999870632,1,0.9999999999870632,1.0,0.0,False,0.0772986497179071,True,0.0,False,0.0,False,0.0,False,0.0,0.0,0.6528078239984476,0.0772986497179071,0.0772986497179071,2.646602112,2.0,0.0292067513161109,0.9999999999870632,1,0.9999999999870632,0.0,False,0.0772986497179071,True,0.0,False,0.0,False,0.0,False,0.0,False,0.0,False,0.0,0.0,0.0106701606951404,0.1766805639223148,0.1766805639223148,0.0,0.0,-0.0106701606951404,0.6504064186269415,0.4591706676713245,0.1912357509556169,0.0382068824002599,0.0,0.0,0.0,0.0,0.0,0.0,0.1086816289329249,0.0292067513161109,0.0,9.52488608186936,0.0355814905971262,8.975559904876079,9.515731266565275,0.0,0.0,10.187314783147666,0.0,9.620487031164211,0.0,9.703259178473717,0.0,9.230423153019604,0.3702882857142857,0.6503856571428572,0.2800973714285715,0.8005599999999999,0.1981026086669562,0.0,-0.0446451491367907,h114_selected::h114_null_h010_e216_antidote_c72_a060_4232eefa,h114_null_h010_e216_antidote_c72_a060_4232eefa,-0.02053676860366771,h112_move,,,,,,-0.0446451491367907,0.0446451491367907,0.3815624999999999,0.6348950729927008,0.6174165145985402,0.0,0.0,0.0,0.0,1.0,0.7002751003649635,,-0.0205367686029237,0.4945425679589023,-0.0205367686036677,,,h122_core,-0.0205367686036677,h124_core,-0.0205367686036677,core,-0.0205367686036677,,,,core,-0.0205367686036677,,,,,,,,,,core,-0.0205367686036677,0.0031866881418742,0.724,2.0,0.06328285714285717,0.16742857142857143,1.0,1.0,1.0,1.0,1.0,0.0,1.0,0.25787301587301587,0.923357142857143,0.8518095238095239,0.8897619047619049,0.29377142857142857,0.0656758095238095,0.544765,0.7312158452380952,0.0,0.0,0.0,-0.02053676860366771,-0.02053676860366771
h134_h132_precompanion_q1state_ac53dd2e,1042,148,id06,2024-08-22,2024-08-21,S4,6,0.9974938621405658,0.9983096980148298,0.0001504682083832,0.4582342857142857,0.7161771428571428,0.5731580000000001,0.2632428571428571,0.1785714285714285,0.5142898285714286,1.0,1.0,0,3.0,2.92297889772664,1.0,1.0,0.394653215606727,-2.682504673608582e-08,-0.0001504682083832,1.0,0.0,0.0,0.0,0.0,3.4769525389990292,0.1785714285714285,0.9748571428571428,0.9748571428571428,0.0,0.0,,0.6786771428571429,0.999331862021937,1.3238443616924949,0.0008960443948488,1.3238443616924949,1.0,0.0,1.0,0.6686277714285713,0.9923936468543026,1,0.9923936468543026,1.9361052486966706e-06,0.85864,0.7821328828893366,0.0012258250477066,0.0004900803183877,0.8576405571786023,0.0205714285714285,0.9719372052338968,0.3193944000000001,-1.1153671171106725,0.0033577306750772,0.9974938621405658,0.0,0.0,0.0,0.0,0.4542857142857143,0.2202857142857142,0.0,0.9992457142857144,1.8975000000000088,0.7277147428571428,3.0,2.0,1.0,0.5943775100401606,-0.5588441929376089,-0.8292726741066008,-0.978409140945573,0.206677412684952,5.0,0.8695652173913043,24.0,0.0,0.0,0.0,0.0,0.0,0.0,1.0,0.0,0.0,0.0,0.0,0.0,1.0,1.0,0.0,0.0,0.0,0.0,0.0,0.0,0.0,0.0,1.0,0.0,1.0,0.0,0.0,0.0,0.3351375314285715,0.0673310674618165,0.0673310674618165,6.137810616000001,5.0,0.0109698835096487,0.999999999985148,2,0.999999999985148,1.0,0.0123803713525356,True,0.0549506961092809,True,0.0,False,0.0,False,0.0,False,0.0,1.0,0.759176952683932,0.0673310674618165,0.0673310674618165,6.137810616000001,5.0,0.0109698835096487,0.999999999985148,2,0.999999999985148,0.0123803713525356,True,0.0549506961092809,True,0.0,False,0.0,False,0.0,False,0.0,False,0.0,False,0.0,1.0,0.0,0.0,0.0,0.2128206521971017,0.2119228108779616,0.2128206521971017,0.8025471315181286,0.2206061428578854,0.5819409886602431,0.0318107245791692,0.0,0.0,0.0,0.0,0.0,0.0,0.3902074983318682,0.0109698835096487,0.0,4.422112014341397,0.0,4.833464829780467,0.0,0.0,0.0,4.258222447179297,0.0,4.33036123092005,0.0,4.322632882506513,0.0,4.183822562668069,0.3656631428571428,0.618945737142857,0.2532825942857142,0.7903314285714286,0.3329032491514143,1.0,0.0591055877129457,h114_selected::h114_null_h010_e216_antidote_c72_a060_4232eefa,h114_null_h010_e216_antidote_c72_a060_4232eefa,0.027188570347971286,h112_move,,,,,,0.0591055877129457,0.0591055877129457,0.526875,0.7367198905109489,0.7400123175182483,0.0,0.0,0.0,0.0,1.0,0.7711896989051095,,0.027188570347955,0.5096406119343815,0.0271885703479712,,,h122_core,0.0271885703479712,h124_core,0.0271885703479712,core,0.0271885703479712,,,,core,0.0271885703479712,,,,,,,,,,core,0.0271885703479712,0.0022818392625647,0.672,5.0,-0.05476285714285716,0.017142857142857144,1.0,1.0,1.0,1.0,1.0,0.0,1.0,0.2771746031746032,0.9120714285714285,0.9180952380952382,0.7645714285714286,0.22005714285714287,0.01047580952380947,0.5511783333333334,0.7187738452380952,0.0,0.0,0.0,0.027188570347971286,0.027188570347971286
h134_h132_precompanion_q1state_ac53dd2e,1045,149,id06,2024-08-23,2024-08-22,Q3,2,0.777022604386795,0.7775838198432127,9.094835523582034e-07,0.2452285714285714,0.7814571428571429,0.4971077142857142,0.4000428571428572,0.1785714285714285,0.3107259999999999,1.0,1.0,0,3.0,2.92297889772664,1.0,1.0,0.0032420924210658,-3.0912470261600027e-10,-9.094835523582034e-07,1.0,0.0,0.0,0.0,0.0,0.1858537712571854,0.1785714285714285,0.7365714285714285,0.7382857142857143,0.0,0.0,,0.5425857142857142,0.777621434684161,0.0034595987301866,9.42369486445216e-07,0.0034595987301866,1.0,0.0,1.0,0.3223777142857142,0.7843226988551862,1,0.7843226988551862,2.080929065056975e-08,0.3280685714285714,0.0209077107112019,0.0025222814853955,0.0005842227835737,1.0223898712541133,0.8554285714285714,0.4169258789693721,0.6592931428571428,0.0426381864788305,0.0001550105418142,0.7798976448569017,0.0166709572629812,1.0,1.4018847457442083e-05,1.4018847457442083e-05,0.9257142857142856,0.5342857142857143,0.7458,0.8927142857142858,-0.0217304757676286,0.1976028571428571,4.0,3.0,1.0,0.5983935742971888,-0.5795896608992377,-0.8149084764430339,-0.9599762679439228,0.2800813542249068,5.0,0.9130434782608696,24.0,0.0,0.0,1.0,0.0,0.0,0.0,0.0,0.0,0.0,0.0,0.0,0.0,0.0,0.0,1.0,1.0,0.0,0.0,0.0,0.0,0.0,1.0,0.0,1.0,0.0,1.0,0.0,0.6657863142857143,0.4611345714285715,1.459538780761247,1.459538780761247,9.146270616000002,7.0,0.1595774761144555,0.9999999999993148,3,0.9999999999993148,1.0,0.8641365120446337,True,0.4268373415514918,True,0.0,False,0.1685649271651214,True,0.0,False,0.0,0.0,0.750236954285632,1.6928410508405805,1.6928410508405805,10.866270616000005,8.0,0.1557885967194491,0.9999999999994093,4,0.9999999999994093,0.8641365120446337,True,0.4268373415514918,True,0.0,False,0.1685649271651214,True,0.0,False,0.2333022700793335,True,0.0,False,0.0,0.0,9.122143227458584e-05,0.001510479041184,0.001510479041184,-0.0024190336285003,-0.0024269741799163,-0.0025102550607749,0.7401664077142107,0.4481054003421145,0.2920610073720962,0.504285746177557,1.0,1.0,0.0,1.0,0.0,0.0,0.2750802306769484,0.1557885967194491,0.0026240535782799,0.2679414264324933,0.0107655108702993,0.1943869888257116,0.0813519739839976,0.0,0.0,0.077841781894367,0.0,0.0755370985940695,0.0,0.6999502886516998,0.0,0.1616652710763422,0.4297414285714285,0.6108972857142858,0.1811558571428572,0.6438171428571429,0.2041775657311523,0.0,0.1557885967194491,h112_pool,,0.03489664566515627,h112_move,,,,,,,,,0.5360903284671532,0.5142098540145986,0.0,0.0,0.0,0.0,1.0,0.552535802919708,0.4660145452554745,,,,,,h124_refill,0.0348966456651565,h124_core,0.0348966456651562,q3_refill,0.0348966456651562,,,,q3_refill,0.0348966456651562,,,,,,,,,,q3_refill,0.0348966456651562,0.0,0.238,0.0,0.028362857142857148,0.07085714285714285,0.0,1.0,1.0,1.0,1.0,0.0,1.0,0.31980952380952377,0.7510714285714286,0.7162857142857143,0.7773333333333334,0.3909714285714285,0.13613257142857138,0.49960452380952375,0.6944096785714285,0.0,0.0,1.0,0.03489664566515627,0.03489664566515627
h134_h132_precompanion_q1state_ac53dd2e,1054,150,id06,2024-08-24,2024-08-23,S2,4,0.997425887183088,0.997510262916376,1.401788572739926e-06,0.2766685714285714,0.6754571428571429,0.4614880571428571,0.2821,0.1785714285714285,0.3689459999999999,1.0,1.0,0,2.0,1.93657810305736,1.0,1.0,0.0334124115405467,-2.8229487740502356e-10,-1.401788572739926e-06,1.0,0.0,0.0,0.0,0.0,3.402239540035149,0.1785714285714285,0.9742857142857144,0.9742857142857144,0.0,0.0,,0.5784828571428572,0.9985274085965262,0.55958498415397,0.0002577889960444,0.55958498415397,1.0,0.0,1.0,0.5819477714285715,0.9918487618429852,1,0.9918487618429852,1.5183117563770455e-06,0.8077371428571429,0.66669856547853,0.0002011599345669,0.0005175098383701,0.9056422171477402,0.0394285714285714,0.8498924858059491,0.2717573714285714,-1.15827210879044,0.003834142211382,0.997425887183088,0.0,0.0,0.0,0.0,0.4542857142857143,0.2202857142857142,0.0,0.9962,1.824970674268956,0.6453625142857142,5.0,4.0,1.0,0.6024096385542169,-0.5999661014486958,-0.8000254227913344,-0.9360447378142724,0.3518810151318339,5.0,0.9565217391304348,24.0,0.0,0.0,0.0,0.0,1.0,0.0,0.0,0.0,0.0,0.0,0.0,0.0,0.0,0.0,0.0,0.0,1.0,1.0,0.0,0.0,0.0,0.0,1.0,0.0,1.0,0.0,0.0,0.0,0.4307045371428571,0.3760520322627965,0.3760520322627965,6.137810616000001,5.0,0.0612681061358337,0.9999999999973408,2,0.9999999999973408,1.0,0.2003284485397042,True,0.1757235837230922,True,0.0,False,0.0,False,0.0,False,0.0,1.0,0.7690305929139665,0.3760520322627965,0.3760520322627965,6.137810616000001,5.0,0.0612681061358337,0.9999999999973408,2,0.9999999999973408,0.2003284485397042,True,0.1757235837230922,True,0.0,False,0.0,False,0.0,False,0.0,False,0.0,False,0.0,1.0,0.0,0.0,0.0,0.2046858756988151,0.2038223531282867,0.2046858756988151,0.8101748921596649,0.2223032857144186,0.5878716064452463,0.1785219812688311,0.0,0.0,0.0,0.0,0.0,0.0,0.3916650263229514,0.0612681061358337,0.0,4.327822865710013,0.0,4.725268454591988,0.0,0.0,0.0,4.455843720099548,0.0,4.190319014150099,0.0,4.144847183635896,0.0,3.860897192891759,0.3666917142857143,0.6150452685714286,0.2483535542857143,0.7902114285714286,0.3323344256138979,1.0,0.0676604379619459,h114_selected::h114_null_h010_e216_antidote_c72_a060_4232eefa,h114_null_h010_e216_antidote_c72_a060_4232eefa,0.031123801462464407,h112_move,,,,,,0.0676604379619459,0.0676604379619459,0.541875,0.7310675182481752,0.732703010948905,0.0,0.0,0.0,0.0,1.0,0.7633038777372262,,0.0311238014624951,0.4993684514268798,0.0311238014624644,,,h122_core,0.0311238014624644,h124_core,0.0311238014624644,core,0.0311238014624644,,,,core,0.0311238014624644,,,,,,,,,,core,0.0311238014624644,0.0007207376410871,0.54,6.0,-0.06507142857142859,0.013714285714285714,1.0,1.0,1.0,1.0,1.0,0.0,1.0,0.2785714285714286,0.9117857142857142,0.8499047619047618,0.7692857142857142,0.22257142857142856,0.025064761904761923,0.5292016666666666,0.6997105833333332,0.0,0.0,0.0,0.031123801462464407,0.031123801462464407
h134_h132_precompanion_q1state_ac53dd2e,1059,151,id06,2024-08-25,2024-08-24,Q3,2,0.8051517532471274,0.8030150111803502,1.4511156814778214e-05,0.3337085714285714,0.7080171428571429,0.1520932571428572,0.9230857142857144,0.956,0.3712925714285713,1.0,1.0,0,0.0,0.0,0.0,0.0,0.0,0.0,0.0,0.0,0.0,0.0,0.0,0.2271737521378298,0.006086278522037,0.9222857142857144,0.2165714285714285,0.1788571428571428,0.0,0.0,,-0.7007057142857144,0.8030744767017115,-0.0131878844070159,1.2479027673317766e-05,0.0131878844070159,0.0,0.0,0.0,0.0559329142857143,0.7951378735404838,1,0.7951378735404838,5.971452035624195e-08,0.3412114285714285,0.0361493346156307,0.0011125015620337,0.0005754150819827,1.0069763934697766,0.7565714285714286,0.4100387233611863,0.4062238857142857,-0.0626314127524751,0.0003155568519088,0.8043516859284782,-0.0050918768989105,1.0,-8.541367909509212e-06,0.0,0.4542857142857143,0.4731428571428571,0.4653428571428571,0.9348628571428572,0.0987807473681059,0.0054983999999999,6.0,5.0,1.0,0.606425702811245,-0.6199605408122385,-0.7846329892604547,-0.9067516281939828,0.4216651334501839,5.0,1.0,24.0,0.0,0.0,1.0,0.0,0.0,0.0,0.0,0.0,0.0,0.0,0.0,0.0,0.0,0.0,0.0,0.0,0.0,0.0,1.0,1.0,0.0,1.0,0.0,1.0,0.0,1.0,0.0,0.4350317529795918,0.4528153828571429,4.467380328697425,4.467380328697425,20.3112302,16.0,0.219946319583203,0.9999999999997762,5,0.9999999999997762,1.0,1.754940436005198,True,0.6798725068800002,True,1.564094300159999,True,0.4627768640679385,True,0.0056962215842885,True,1.0,1.0,0.855570392457116,4.7889418479280685,4.7889418479280685,22.0312302,17.0,0.2173706054747615,0.9999999999997912,6,0.9999999999997912,1.754940436005198,True,0.6798725068800002,True,1.564094300159999,True,0.4627768640679385,True,0.0056962215842885,True,0.3215615192306434,True,0.0,False,1.0,1.0,4.286150978169297e-05,0.0008884470142378,-0.0004613516317489,0.0110790951670078,0.0110323550160077,0.0110362336572261,0.9686923305942592,0.6258802857142961,0.3428120448799632,1.0624033637912902,1.0,0.0,0.0,0.0,1.0,0.0,0.3469034493947232,0.2173706054747615,0.0047048634579437,0.3458283569792855,0.0,0.3058265587352641,0.0,0.0248476575445201,0.0,0.1782100359913584,0.0,0.2037462282520705,0.0,0.7419039318615163,0.0570020880984651,0.0,0.5604462857142858,0.6803663485714285,0.1199200628571427,0.8283599999999999,0.2392351370169836,1.0,0.2173706054747615,h112_pool,,0.09999047851839005,h112_move,,,,,,,,,0.6797992700729927,0.5130958029197081,0.0,0.0,0.0,0.0,1.0,0.5318492518248176,,0.0999904785183903,0.3041146012934846,0.09999047851839,,,h122_core,0.09999047851839,h124_core,0.09999047851839,core,0.09999047851839,,,,core,0.09999047851839,,,,,,,,,,core,0.09999047851839,0.0033861039553166,0.732,10.0,0.2280714285714286,0.444,1.0,1.0,1.0,1.0,1.0,0.0,1.0,0.5970793650793651,0.7010714285714286,0.6069523809523809,0.6042380952380952,0.5637142857142857,0.3994495238095238,0.3122802380952381,0.598056380952381,0.0,0.0,0.0,0.09999047851839005,0.09999047851839005
h134_h132_precompanion_q1state_ac53dd2e,1061,151,id06,2024-08-25,2024-08-24,S2,4,0.9981439428441186,0.998512435704624,3.934155003913753e-05,0.403,0.7080171428571429,0.5408174285714287,0.3351285714285714,0.1785714285714285,0.4874879999999999,1.0,1.0,0,3.0,2.92297889772664,1.0,1.0,0.2216834577455344,-1.0398812883710049e-08,-3.9341550039137536e-05,1.0,0.0,0.0,0.0,0.0,3.3307603116267783,0.1785714285714285,0.9737142857142858,0.9737142857142858,0.0,0.0,,0.6423457142857143,0.999521326407364,1.3565697715067513,0.0006829433096435,1.3565697715067513,1.0,0.0,1.0,0.6416208000000001,0.9937327727306972,1,0.9937327727306972,1.160456504662981e-06,0.7978742857142858,0.6761912270338843,0.0001475624698845,0.0004930671839675,0.862867571943241,0.0222857142857142,0.7965956916172178,0.3023445714285714,-1.221308772966056,0.0032250526296801,0.9981439428441186,0.0,0.0,0.0,0.0,0.4542857142857143,0.2202857142857142,0.0,0.997977142857143,1.8974999999999405,0.7023259428571428,6.0,5.0,1.0,0.606425702811245,-0.6199605408122385,-0.7846329892604547,-0.9067516281939828,0.4216651334501839,5.0,1.0,24.0,0.0,0.0,0.0,0.0,1.0,0.0,0.0,0.0,0.0,0.0,0.0,0.0,0.0,0.0,0.0,0.0,0.0,0.0,1.0,1.0,0.0,0.0,1.0,0.0,1.0,0.0,0.0,0.0,0.4397429942857143,0.841194154132322,0.841194154132322,8.337876096,7.0,0.100888301102936,0.9999999999988112,4,0.9999999999988112,1.0,0.059553067844794,True,0.050981448308255,True,0.5640128590743976,True,0.1666467789048754,True,0.0,False,0.0,1.0,0.7821345883427144,0.9886928503447024,0.9886928503447024,10.057876096,8.0,0.0983003609219053,0.9999999999989886,5,0.9999999999989886,0.059553067844794,True,0.050981448308255,True,0.5640128590743976,True,0.1666467789048754,True,0.0,False,0.1474986962123804,True,0.0,False,0.0,1.0,0.0,0.0,0.0,0.212820652197094,0.2119228108779539,0.212820652197094,0.8237112679313001,0.2270758571429077,0.5966354107883924,0.4489758228352862,1.0,0.0,0.0,0.0,1.0,0.0,0.4956735640099621,0.0983003609219053,0.0,4.270010495306887,0.0,4.880363151771168,0.0,0.0,0.0,4.434419221637566,0.0,4.167358710268027,0.0,4.081897974438028,0.0,3.465810250756466,0.3700791428571428,0.6195277257142857,0.2494485828571429,0.7897485714285715,0.3938201195267762,1.0,0.0983003609219053,h112_pool,,0.04521816602411821,h112_move,,,,,,,,,0.8144571167883212,0.7554046532846715,0.0,0.0,0.0,0.0,1.0,0.7658326733576643,,0.0452181660240764,0.5188414461869931,0.0452181660241182,,,h122_core,0.0452181660241182,h124_core,0.0452181660241182,core,0.0452181660241182,,,,core,0.0452181660241182,,,,,,,,,,core,0.0452181660241182,0.0033861039553166,0.732,10.0,-0.038882857142857136,0.023428571428571427,1.0,1.0,1.0,1.0,1.0,0.0,1.0,0.28339682539682537,0.9112857142857144,0.9061904761904761,0.7786666666666667,0.23125714285714288,0.021608761904761936,0.5456328571428571,0.717399119047619,0.0,0.0,0.0,0.04521816602411821,0.04521816602411821
h134_h132_precompanion_q1state_ac53dd2e,1148,164,id07,2024-07-26,2024-07-25,Q1,0,0.5726236359257583,0.5785182382955152,7.107495999258973e-05,0.3531828571428571,0.5277371428571428,-0.0308976285714285,0.9647428571428572,0.9491428571428572,0.3696770285714286,1.0,1.0,0,4.0,7.150759261260218,1.0,1.0,0.0107728068932244,-1.2662505403575502e-08,-4.8598608335352806e-05,0.0,0.0,0.0,1.0,0.2847313265208278,0.0,0.9405714285714286,0.0777142857142857,0.1788571428571428,1.0,1.0,seed_q061_companion,0.2934971428571428,0.5784324143683724,0.023777970260246,6.281269137575762e-05,0.023777970260246,0.0,1.0,1.0,0.2427167428571428,0.6057356549616199,0,0.6057356549616199,2.395791371501162e-07,0.5222971428571428,-0.0601479714388651,0.0028665154478622,0.0005256559126248,0.919897847093514,0.0462857142857142,0.2934742653132805,0.0831499428571428,0.1368584367882453,0.0022566059611043,0.5926098562501864,0.082201326412172,1.0,0.0003458175576152,0.0003458175576152,0.9942857142857144,0.7868571428571428,0.8911714285714286,0.9825542857142858,-0.1970064082271105,0.0275415999999998,4.0,3.0,1.0,0.6586345381526104,-0.839699808785118,-0.5430508550092121,-0.1508242971613743,0.9885605855918884,6.0,0.4137931034482758,30.0,1.0,0.0,0.0,0.0,0.0,0.0,0.0,0.0,0.0,0.0,0.0,0.0,0.0,0.0,1.0,1.0,0.0,0.0,0.0,0.0,0.0,1.0,0.0,1.0,0.0,1.0,0.0,0.8756243064489797,0.6744735314285715,-4.617688754500697,4.617688754500697,19.5581966,15.0,-0.2360999252098969,0.9999999999997834,5,0.9999999999997834,1.0,-1.661996588232961,True,-0.3670565068800004,True,-1.564094300160001,True,-0.9092210526430384,True,-0.1153203065846973,True,1.0,1.0,0.8637503069714026,-5.404466845157567,5.404466845157567,22.658196599999997,17.0,-0.238521491386359,0.9999999999998148,7,0.9999999999998148,-1.661996588232961,True,-0.3670565068800004,True,-1.564094300160001,True,-0.9092210526430384,True,-0.1153203065846973,True,-0.3451780906568691,True,-0.441600000000001,True,1.0,1.0,0.0,0.0,-0.0074478854899845,0.0220959326934924,0.0220027150421397,0.0220959326934924,0.9848981249485478,0.4992088571428664,0.4856892678056813,1.4463143577392403,1.0,1.0,1.0,1.0,0.0,0.0,0.4709442206303825,-0.238521491386359,0.0,0.3322051071399203,0.0,0.2958036983333992,0.0,0.4011311445553564,0.0,0.2488528333622977,0.0,0.2400241503523726,0.0,0.3296687331067452,0.0,0.6837102960738185,0.4804851428571428,0.6820627942857144,0.2015776514285715,0.84924,0.3485712134572319,1.0,-0.238521491386359,h112_pool,,-0.10971988603772531,h112_move,,,,,,,,,0.698111313868613,0.5828731751824818,0.0,0.0,0.0,0.0,1.0,0.6076966605839417,,-0.1097198860377251,0.4069843501716151,-0.1097198860377253,,,h122_core,-0.1097198860377253,h124_core,-0.1097198860377253,core,-0.1097198860377253,,,,core,-0.1097198860377253,,,,,,,,,,core,-0.1097198860377253,0.0,0.238,0.0,0.21537428571428563,0.42342857142857143,1.0,1.0,1.0,1.0,1.0,0.0,1.0,0.5284761904761904,0.7707857142857143,0.6000952380952381,0.8114285714285715,0.6750285714285714,0.3839455238095238,0.3603911904761905,0.6425937904761905,0.0,0.0,0.0,-0.10971988603772531,-0.10971988603772531
h134_h132_precompanion_q1state_ac53dd2e,1151,164,id07,2024-07-26,2024-07-25,S1,3,0.9223507042282848,0.9216005296464892,3.917279624177095e-06,0.2585542857142857,0.5277371428571428,-0.1077577142857144,0.9476857142857142,0.9794285714285714,0.3269070857142857,1.0,1.0,0,4.0,7.150759261260218,1.0,1.0,-0.0046557360965975,-2.455648310831864e-09,-2.6763739925174846e-06,0.0,0.0,0.0,1.0,0.580049688553327,0.0,0.9822857142857144,0.0777142857142857,0.1788571428571428,1.0,1.0,seed_q061_companion,0.24256,0.9217729289840444,-0.0080398963166077,2.11564951174692e-06,0.0080398963166077,0.0,1.0,1.0,0.1396150285714285,0.934273302796362,1,0.934273302796362,1.2071833231409308e-06,0.8719085714285715,0.2506320694487556,0.0026125534551015,0.0005915360823307,1.035188144078876,0.8891428571428571,0.8372818556296139,0.4899545142857143,0.1795407734626453,0.0010428642033394,0.9220945637329848,-0.0035709979341165,1.0,-1.6061254654586854e-06,0.0,0.4542857142857143,0.4657142857142857,0.4590857142857142,0.9133771428571428,0.0710912959861103,0.0364342857142856,4.0,3.0,1.0,0.6586345381526104,-0.839699808785118,-0.5430508550092121,-0.1508242971613743,0.9885605855918884,6.0,0.4137931034482758,30.0,0.0,0.0,0.0,1.0,0.0,0.0,0.0,0.0,0.0,0.0,0.0,0.0,0.0,0.0,1.0,1.0,0.0,0.0,0.0,0.0,0.0,0.0,1.0,0.0,1.0,1.0,0.0,0.4193183980408162,0.3923701142857143,2.2406668042049764,2.2406668042049764,14.410493984000002,12.0,0.1554885492955784,0.9999999999995536,4,0.9999999999995536,1.0,0.0,False,0.0503626378223371,True,1.5640943001600025,True,0.622215033685716,True,0.0039948325369211,True,1.0,1.0,0.8425279474285178,2.9095910632751156,2.9095910632751156,17.510493984,14.0,0.1661627059712623,0.9999999999996564,6,0.9999999999996564,0.0,False,0.0503626378223371,True,1.5640943001600025,True,0.622215033685716,True,0.0039948325369211,True,0.2273242590701394,True,0.4415999999999997,True,1.0,1.0,0.0,0.0,-0.0003235517583367,0.0079734893161007,0.0079398510009663,0.0079734893161007,0.9637218613713844,0.4748562857143029,0.4888655756570816,0.877839939768168,1.0,0.0,1.0,0.0,1.0,0.0,0.4831488941988247,0.1661627059712623,0.0,0.6936894823684497,0.0,0.6398229981537158,0.0,0.0174259777918238,0.0,0.7053918755198033,0.0,0.7461873634330561,0.0,0.6735642593655777,0.0,0.5157621333725172,0.4909685714285714,0.7107931428571429,0.2198245714285714,0.9557314285714286,0.3994460277694872,1.0,0.1661627059712623,h112_pool,,0.07643484474678175,h112_move,,,,,,,,,0.8008759124087592,0.6237344890510951,0.0,0.0,0.0,0.0,1.0,0.6480605656934307,,0.0764348447467806,0.4987022143272532,0.0764348447467817,,,h122_core,0.0764348447467817,h124_core,0.0764348447467817,core,0.0764348447467817,,,,core,0.0764348447467817,,,,,,,,,,core,0.0764348447467817,0.0,0.238,0.0,0.12338571428571443,0.3068571428571429,1.0,1.0,1.0,1.0,1.0,0.0,1.0,0.5351428571428571,0.8417857142857142,0.58,0.8108571428571429,0.5710285714285714,0.34515314285714294,0.3920335714285715,0.6516331785714286,0.0,1.0,0.0,0.07643484474678175,0.07643484474678175
h134_h132_precompanion_q1state_ac53dd2e,1154,164,id07,2024-07-26,2024-07-25,S4,6,0.3773264958983826,0.3806992444389726,2.417989854019975e-05,0.3498857142857143,0.5277371428571428,-0.0450253714285713,0.9542,0.92,0.3851811428571428,1.0,1.0,0,4.0,7.150759261260218,1.0,1.0,0.006397676751739,-1.1884740666293036e-08,-1.652587185190865e-05,0.0,0.0,0.0,1.0,0.3149601376641728,0.0,0.9497142857142856,0.0777142857142857,0.1788571428571428,1.0,1.0,seed_q061_companion,0.2868685714285713,0.3806108503006162,0.0139551743480836,2.086447315363671e-05,0.0139551743480836,0.0,1.0,1.0,0.2017081142857142,0.3827457929282127,0,0.6172542070717872,4.143843838059222e-07,0.6303542857142858,-0.0798121694974146,0.0046721907240113,0.0005578411478312,0.9762220087046362,0.1765714285714285,0.6369021237462911,0.1225257142857142,0.0230015601792245,6.238347097342611e-05,0.3820022291534626,0.0198530550945121,1.0,-1.8827635697604705e-05,0.0,0.4542857142857143,0.5508571428571428,0.4944,0.9444742857142856,-0.1028137296766391,0.088597257142857,4.0,3.0,1.0,0.6586345381526104,-0.839699808785118,-0.5430508550092121,-0.1508242971613743,0.9885605855918884,6.0,0.4137931034482758,30.0,0.0,0.0,0.0,0.0,0.0,0.0,1.0,0.0,0.0,0.0,0.0,0.0,0.0,0.0,1.0,1.0,0.0,0.0,0.0,0.0,0.0,0.0,1.0,0.0,1.0,1.0,0.0,0.4669480868571428,0.3920352114285714,-2.426797576206274,2.426797576206274,15.692237984000002,13.0,-0.1546495521340239,0.999999999999588,4,0.999999999999588,1.0,0.0,False,-0.0361712422817661,True,-1.5640943001600016,True,-0.7928717188548591,True,-0.0336603149096469,True,1.0,1.0,0.8482026998856648,-3.094495221426217,3.094495221426217,18.792237984,15.0,-0.1646687969820706,0.9999999999996768,6,0.9999999999996768,0.0,False,-0.0361712422817661,True,-1.5640943001600016,True,-0.7928717188548591,True,-0.0336603149096469,True,-0.2260976452199433,True,-0.4415999999999997,True,1.0,1.0,0.0,0.0,-0.001798794343401,0.0115314281974169,0.0114827797575336,0.0115314281974169,0.9679797699656728,0.4692517142857305,0.4987280556799424,0.8939452801609941,1.0,0.0,1.0,0.0,1.0,0.0,0.494512895582141,-0.1646687969820706,0.0,0.3894688249433023,0.0,0.3265439781717195,0.0,0.0968801728703369,0.0,0.3069592881934736,0.0,0.3934937038356579,0.0,0.3945604608682481,0.0,0.5684049663012252,0.4747514285714285,0.6938241485714287,0.2190727200000001,0.8876057142857142,0.4042314984244279,1.0,-0.1646687969820706,h112_pool,,-0.10687004924136397,h112_move,,,,,,,,,0.8029698905109488,0.6397892335766424,0.0,0.0,0.0,0.0,1.0,0.6531335218978103,,-0.0757476466117524,0.5006722157271543,-0.0757476466117527,,,h122_core,-0.0757476466117527,h124_core,-0.0757476466117527,core,-0.0757476466117527,,,,core,-0.0757476466117527,,,,,,,,,,core,-0.0757476466117527,0.0,0.238,0.0,0.1178571428571428,0.3,1.0,1.0,1.0,1.0,1.0,0.0,1.0,0.5253333333333333,0.7969285714285714,0.6276190476190476,0.8109523809523811,0.5688571428571428,0.3264590476190476,0.39825928571428587,0.6561226547619048,0.0,1.0,0.0,-0.10687004924136397,-0.10687004924136397
h134_h132_precompanion_q1state_ac53dd2e,1318,188,id08,2024-08-10,2024-08-09,Q3,2,0.6598227977319086,0.7749360979224306,0.0316469882720263,0.8398742857142857,0.1507171428571428,0.3459228,0.3758714285714286,0.1785714285714285,0.5368368571428571,1.0,1.0,1,0.0,0.0,0.0,0.0,0.0,0.0,0.0,0.0,0.0,0.0,0.0,0.0,1.3477736402916711,0.1785714285714285,0.9697142857142858,0.9697142857142858,0.0,0.0,,-0.5313171428571429,0.7753414002778939,0.5762168878207635,0.0291953485968328,0.5762168878207635,0.0,0.0,0.0,0.1470083142857142,0.7728109547838421,0,0.7728109547838421,1.7927697489753657e-05,0.9330742857142856,0.5617473433332402,0.007428047184065,4.141122985493502e-05,0.0724696522461362,0.0017142857142857,0.9296735814873716,0.1314223428571429,0.5617473433332402,0.0304403049721238,0.6598227977319086,0.0,0.0,0.0,0.0,0.4542857142857143,0.2202857142857142,0.0,0.6851714285714287,-0.0932143884355838,0.4282903999999999,5.0,4.0,1.0,0.7550200803212851,-0.9995025893658628,0.0315368649509708,0.9955262728085592,-0.0944851318880296,7.0,0.3333333333333333,19.0,0.0,0.0,1.0,0.0,0.0,0.0,0.0,0.0,0.0,0.0,0.0,0.0,0.0,0.0,0.0,0.0,1.0,1.0,0.0,0.0,0.0,1.0,0.0,1.0,0.0,0.0,0.0,0.0,0.1934833257142857,0.0,0.0,0.0,0.0,0.0,0.0,0,0.0,0.0,0.0,False,0.0,False,0.0,False,0.0,False,0.0,False,0.0,0.0,0.2037767101714285,0.0,0.0,0.0,0.0,0.0,0.0,0,0.0,0.0,False,0.0,False,0.0,False,0.0,False,0.0,False,0.0,False,0.0,False,0.0,0.0,0.0,0.0,0.0,0.0,0.0,0.0,0.2828010201942856,0.3807427142857143,-0.0979416940914286,0.0,0.0,0.0,0.0,0.0,0.0,0.0,-0.1483212737275429,0.5762168878207635,0.0,1.6447533276232755,0.0839964993888361,1.4336516495102178,0.0,0.0,0.0,1.7195252588514638,0.0,1.4780613091659445,0.0,1.916400547008692,0.0,1.6865747072941537,0.3709808571428571,0.6152545199999999,0.2442736628571428,0.7843828571428572,0.0578643084366994,0.0,0.5762168878207635,h112_pool,,0.16999999999999993,h112_move,,,,,,,,,0.5653558394160585,0.5535711678832117,0.0,0.0,0.0,0.0,1.0,0.612112810218978,,0.17,0.4748575315966966,0.1699999999999999,,,h122_core,0.1699999999999999,h124_core,0.1699999999999999,core,0.1699999999999999,,,,core,0.1699999999999999,,,,,,,,,,core,0.1699999999999999,0.0,0.238,0.0,-0.03974571428571428,0.022857142857142857,1.0,1.0,1.0,1.0,1.0,0.0,1.0,0.28885714285714287,0.9061428571428571,0.7861904761904762,0.4228571428571428,0.2410857142857143,0.05091847619047615,0.44191666666666674,0.5876165476190476,0.0,1.0,0.0,0.16999999999999993,0.16999999999999993
h134_h132_precompanion_q1state_ac53dd2e,1438,205,id09,2024-08-10,2024-08-09,S1,3,0.999966985574648,0.999999,2.8517993227208515e-05,0.4048514285714286,0.8066571428571427,0.5885797142857143,0.1074714285714285,0.1785714285714285,0.4896641142857142,1.0,1.0,0,19.0,16.10663576316056,3.0,1.0,3.3608528576576058,-3.744298378340519e-09,-2.835039425607743e-05,1.0,1.0,1.0,0.0,0.0,8.089021029784115,0.1785714285714285,0.9914285714285714,0.9914285714285714,0.0,0.0,,0.7145514285714285,0.999999,3.4969766127712507,1.9237596339812437e-05,3.4969766127712507,1.0,0.0,1.0,0.5943389714285714,0.999999,1,0.999999,2.3809829862931763e-08,0.5351257142857143,3.4969766127712507,0.0,0.0007138336352692,1.2492088617211463,0.9845714285714284,0.8060919730569555,0.7771278857142858,2.5,2.780489548093356e-05,0.9999953027702708,1.9499999999434048,1.0,-2.636772957891375e-05,0.0,0.4542857142857143,0.9874285714285714,0.6276857142857143,0.0,0.0,0.3841370285714285,5.0,4.0,1.0,0.8232931726907631,-0.8958239295217159,0.4444091440286438,0.188124862368634,-0.9821451197042026,8.0,0.1538461538461538,27.0,0.0,0.0,0.0,1.0,0.0,0.0,0.0,0.0,0.0,0.0,0.0,0.0,0.0,0.0,0.0,0.0,1.0,1.0,0.0,0.0,0.0,0.0,1.0,0.0,1.0,0.0,0.0,0.0,0.2456279885714285,0.0272431829188331,0.0272431829188331,1.529402112,1.0,0.017812962794454,0.9999999999632936,1,0.9999999999632936,1.0,0.0,False,0.0272431829188331,True,0.0,False,0.0,False,0.0,False,0.0,0.0,0.650594828109881,0.0272431829188331,0.0272431829188331,1.529402112,1.0,0.017812962794454,0.9999999999632936,1,0.9999999999632936,0.0,False,0.0272431829188331,True,0.0,False,0.0,False,0.0,False,0.0,False,0.0,False,0.0,0.0,0.0106701606946875,0.1766805639148156,0.1766805639148156,0.0,0.0,-0.0106701606946875,0.6498598698582321,0.4580235248144703,0.1918363450437618,0.0189302403256532,0.0,0.0,0.0,0.0,0.0,0.0,0.109908564944463,0.017812962794454,0.0,9.743294672987096,0.0355814905956159,9.356517860322343,9.515731266161382,0.0,0.0,10.306987511818845,0.0,10.323576768152218,0.0,9.534297434262411,0.0,9.357763362418025,0.3718534285714285,0.65145828,0.2796048514285714,0.8030114285714287,0.198157653440528,0.0,-0.048755000630387,h114_selected::h114_null_h010_e216_antidote_c72_a060_4232eefa,h114_null_h010_e216_antidote_c72_a060_4232eefa,-0.022427300293882624,h112_move,,,,,,-0.048755000630387,0.048755000630387,0.4221875,0.634169708029197,0.6149749087591241,0.0,0.0,0.0,0.0,1.0,0.6971060675182482,,-0.022427300289978,0.4967692726022573,-0.0224273002938826,,,h122_core,-0.0224273002938826,h124_core,-0.0224273002938826,core,-0.0224273002938826,,,,core,-0.0224273002938826,,,,,,,,,,core,-0.0224273002938826,0.0175652157954178,1.0,2.0,0.0923057142857143,0.256,1.0,1.0,1.0,1.0,1.0,0.0,1.0,0.2598412698412698,0.9254285714285715,0.8643809523809525,0.8728571428571429,0.2952,0.08128152380952375,0.5456561904761906,0.7306996666666667,0.0,0.0,0.0,-0.022427300293882624,-0.022427300293882624
h134_h132_precompanion_q1state_ac53dd2e,1451,207,id09,2024-08-12,2024-08-11,Q3,2,0.427374858349265,0.4583599554509456,0.0019508778718563,0.7637657142857144,0.4920571428571429,0.6186629142857143,0.1797571428571428,0.1785714285714285,0.6268099999999999,1.0,0.0,0,7.0,6.690561435404001,2.0,1.0,0.1247045225953599,-2.3866487395308953e-06,-0.0019501619167126,1.0,0.0,1.0,0.0,0.0,0.1130818164363321,0.1785714285714285,0.6011428571428571,0.6171428571428571,0.0,0.0,,0.7963028571428572,0.4583568574912161,0.1256104526747186,0.001774412233456,0.1256104526747186,1.0,0.0,1.0,0.6977541142857142,0.4280308860069585,1,0.5719691139930414,4.92061314213046e-10,0.2380342857142857,0.0026801462015009,0.005358195065219,0.0005802199348717,1.0153848860256205,0.8234285714285714,0.529695724187308,0.7835890285714285,0.0026801462015006,8.79181799251505e-07,0.4513491402406515,0.0973486874618061,1.0,-0.0018514213689381,0.0,0.4542857142857143,0.8302857142857143,0.6337714285714285,0.0,0.0,0.4989981714285714,0.0,6.0,1.0,0.8313253012048193,-0.8722647273621936,0.4890339920698335,0.0378414767176704,-0.9992837548163316,8.0,0.2307692307692307,27.0,0.0,0.0,1.0,0.0,0.0,0.0,0.0,1.0,0.0,0.0,0.0,0.0,0.0,0.0,0.0,0.0,0.0,0.0,0.0,0.0,1.0,1.0,0.0,1.0,0.0,0.0,0.0,0.0,0.3548741028571429,0.0,0.0,0.0,0.0,0.0,0.0,0,0.0,0.0,0.0,False,0.0,False,0.0,False,0.0,False,0.0,False,0.0,0.0,0.2737677298285714,0.0,0.0,0.0,0.0,0.0,0.0,0,0.0,0.0,False,0.0,False,0.0,False,0.0,False,0.0,False,0.0,False,0.0,False,0.0,0.0,0.0,0.0,0.0,0.0,0.0,0.0,0.3009335618057143,0.3074564285714286,-0.0065228667657142,0.0,0.0,0.0,0.0,0.0,0.0,0.0,0.0015848592246857,0.1256104526747186,0.0,0.1553576746698106,0.0260957320349848,0.0421942253744675,0.475048178988188,0.0,0.0,0.0896781116569786,0.0,0.069744383380538,0.0,0.3326750018788283,0.0,0.1217547525449343,0.2717065714285713,0.5291670514285715,0.2574604800000001,0.4863314285714286,0.1174512254156435,0.0,0.1256104526747186,h112_pool,,0.03140261316867965,h112_move,,,,,,,,,0.5644890510948904,0.5550264598540146,0.0,0.0,0.0,0.0,1.0,0.6185632664233575,0.5522093208029195,,,,,,,,,,,,,,,,,-3.876497464528194e-05,0.4869474584189401,-0.4422691100900905,0.0,0.0,0.3548741028571429,0.3548741028571429,1.0,0.7181479254359592,,,0.0116577975306214,0.96,4.0,0.04169428571428577,0.09485714285714286,0.0,0.0,0.0,0.0,0.0,0.0,0.0,0.2684761904761905,0.602,0.8780952380952382,0.5675714285714287,0.31497142857142857,0.02075352380952375,0.40453476190476195,0.4974385952380953,0.0,0.0,0.0,0.03140261316867965,0.03140261316867965
