fold,target,feature,mode,c_value,weight,base_loss,best_loss,inner_delta,corr
geom_r00,Q1,jepa_modality__prectx_other__cos,subject_z,0.2,0.45,0.574336124777731,0.5589478963617038,-0.015388228416027161,0.23265660601246074
geom_r00,Q1,jepa_modality__prectx_other__cos,subject_center,0.2,0.45,0.574336124777731,0.5594081298570907,-0.014927994920640342,0.23843075342241268
geom_r00,Q1,jepa_modality__prectx_other__cos,global_z,0.2,0.45,0.574336124777731,0.5637864214872838,-0.010549703290447243,0.2171535152667044
geom_r00,Q1,jepa_modality__prectx_other__cos,subject_z,0.05,0.45,0.574336124777731,0.563967097939655,-0.010369026838075945,0.23265660601246074
geom_r00,Q1,jepa_modality__ambience__resid_norm,subject_rank,0.2,0.45,0.574336124777731,0.5644902363408679,-0.00984588843686307,-0.2131382920905492
geom_r00,Q1,jepa_modality__prectx_other__cos,subject_rank,0.2,0.45,0.574336124777731,0.5650365259687105,-0.009299598809020537,0.20492341790705226
geom_r00,Q1,jepa_modality__prectx_other__cos,subject_center,0.05,0.45,0.574336124777731,0.565164799510816,-0.009171325266914998,0.23843075342241268
geom_r00,Q1,jepa_modality__prectx_other__cos,global_z,0.05,0.45,0.574336124777731,0.5681701493957386,-0.006165975381992372,0.2171535152667044
geom_r00,Q1,jepa_modality__ambience__resid_norm,subject_rank,0.05,0.45,0.574336124777731,0.5681960757340694,-0.006140049043661611,-0.2131382920905492
geom_r00,Q1,jepa_modality__prectx_other__cos,subject_rank,0.05,0.45,0.574336124777731,0.5694472901231643,-0.004888834654566687,0.20492341790705226
geom_r00,Q2,jepa_grid__usage__early__resid,subject_center,0.2,0.45,0.6407483580889854,0.6272820727841184,-0.013466285304867043,0.22331929827066133
geom_r00,Q2,jepa_grid__usage__early__resid,global_z,0.2,0.45,0.6407483580889854,0.6292183910232287,-0.011529967065756708,0.21676604133576022
geom_r00,Q2,jepa_grid__usage__early__resid,subject_z,0.2,0.45,0.6407483580889854,0.629312322408752,-0.011436035680233436,0.20973753045290175
geom_r00,Q2,jepa_grid__usage__early__resid,subject_rank,0.2,0.45,0.6407483580889854,0.6294380436808683,-0.01131031440811714,0.2085704908789068
geom_r00,Q2,jepa_temporal__resid_pc2,subject_center,0.2,0.45,0.6407483580889854,0.6323448293298872,-0.008403528759098222,0.20564763997790386
geom_r00,Q2,jepa_grid__usage__early__resid,subject_center,0.05,0.45,0.6407483580889854,0.632722814546518,-0.008025543542467428,0.22331929827066133
geom_r00,Q2,jepa_grid__usage__early__resid,subject_z,0.05,0.45,0.6407483580889854,0.634461243652468,-0.006287114436517416,0.20973753045290175
geom_r00,Q2,jepa_grid__usage__early__resid,subject_rank,0.05,0.45,0.6407483580889854,0.6345458386345382,-0.006202519454447275,0.2085704908789068
geom_r00,Q2,jepa_grid__usage__early__resid,global_z,0.05,0.45,0.6407483580889854,0.6346840573792673,-0.006064300709718196,0.21676604133576022
geom_r00,Q2,jepa_temporal__resid_pc2,subject_center,0.05,0.45,0.6407483580889854,0.6364898007497263,-0.0042585573392591725,0.20564763997790386
geom_r00,Q3,jepa_sensor_time__prectx_usage__pre6h__resid_pc2,global_z,0.2,0.45,0.6454001299883209,0.6364418368994945,-0.008958293088826341,0.1944566536752112
geom_r00,Q3,jepa_grid__prectx_wlight__pre6h__pred,subject_z,0.2,0.45,0.6454001299883209,0.6369929657168786,-0.00840716427144228,-0.19304092720127478
geom_r00,Q3,jepa_sensor_time__prectx_usage__pre6h__resid_pc2,subject_center,0.2,0.45,0.6454001299883209,0.6372305443370976,-0.008169585651223277,0.19386912008127077
geom_r00,Q3,jepa_grid__prectx_wlight__pre6h__pred,subject_rank,0.2,0.45,0.6454001299883209,0.6373230687612221,-0.008077061227098725,-0.19529491527924916
geom_r00,Q3,jepa_sensor_time__prectx_usage__pre6h__resid_pc2,global_z,0.05,0.45,0.6454001299883209,0.637508798026372,-0.00789133196194891,0.1944566536752112
geom_r00,Q3,jepa_grid__prectx_wlight__pre6h__pred,subject_z,0.05,0.45,0.6454001299883209,0.6384839042684567,-0.006916225719864166,-0.19304092720127478
geom_r00,Q3,jepa_grid__prectx_wlight__pre6h__pred,subject_rank,0.05,0.45,0.6454001299883209,0.6386070100096177,-0.006793119978703133,-0.19529491527924916
geom_r00,Q3,jepa_modality__prectx_ambience__resid_pc1,subject_rank,0.2,0.45,0.6454001299883209,0.6389041346606316,-0.006495995327689297,-0.18315794294709983
geom_r00,Q3,jepa_sensor_time__prectx_usage__pre6h__resid_pc2,subject_center,0.05,0.45,0.6454001299883209,0.63924089616248,-0.006159233825840826,0.19386912008127077
geom_r00,Q3,jepa_modality__prectx_ambience__resid_pc1,subject_rank,0.05,0.45,0.6454001299883209,0.6404917152277579,-0.004908414760562918,-0.18315794294709983
geom_r00,S1,jepa_grid__presleep_ambience__pre6h__resid,subject_z,0.2,0.45,0.4900463391145932,0.48243722173642095,-0.00760911737817227,0.20219594376509786
geom_r00,S1,jepa_grid__presleep_other__pre1h__pred,subject_rank,0.2,0.45,0.4900463391145932,0.48491427574890217,-0.005132063365691053,-0.1878065224335899
geom_r00,S1,jepa_grid__presleep_ambience__pre6h__resid,subject_z,0.05,0.45,0.4900463391145932,0.48551437805294734,-0.004531961061645884,0.20219594376509786
geom_r00,S1,jepa_grid__presleep_ambience__pre6h__resid,subject_center,0.2,0.45,0.4900463391145932,0.4859435029724518,-0.004102836142141408,0.17752786763163428
geom_r00,S1,jepa_grid__presleep_ambience__pre6h__resid,global_z,0.2,0.45,0.4900463391145932,0.48625903481491206,-0.00378730429968116,0.17504367904397075
geom_r00,S1,jepa_time__all__pred_pc1,global_z,0.2,0.45,0.4900463391145932,0.4871248036855682,-0.002921535429025013,-0.1758551514216864
geom_r00,S1,jepa_grid__presleep_other__pre1h__pred,subject_rank,0.05,0.3,0.4900463391145932,0.48775279755306244,-0.0022935415615307764,-0.1878065224335899
geom_r00,S1,jepa_grid__presleep_ambience__pre6h__resid,global_z,0.05,0.3,0.4900463391145932,0.4880850587438209,-0.0019612803707723114,0.17504367904397075
geom_r00,S1,jepa_grid__presleep_ambience__pre6h__resid,subject_center,0.05,0.3,0.4900463391145932,0.4881814453466397,-0.0018648937679535127,0.17752786763163428
geom_r00,S1,jepa_time__all__pred_pc1,global_z,0.05,0.2,0.4900463391145932,0.48916913004921503,-0.0008772090653781928,-0.1758551514216864
geom_r00,S2,jepa_grid__prectx_wlight__pre1h__value,subject_rank,0.2,0.45,0.5513022107602283,0.5387949038310137,-0.012507306929214645,0.20405793371598868
geom_r00,S2,jepa_grid__prectx_wlight__pre1h__value,subject_rank,0.05,0.45,0.5513022107602283,0.5425150020511631,-0.008787208709065242,0.20405793371598868
geom_r00,S2,jepa_modality__presleep_mlight__pred_pc1,subject_z,0.2,0.45,0.5513022107602283,0.5435960086853625,-0.007706202074865831,-0.18857177656570576
geom_r00,S2,jepa_modality__presleep_mlight__pred_pc1,subject_rank,0.2,0.45,0.5513022107602283,0.5435970136282224,-0.007705197132005903,-0.1817550230691265
geom_r00,S2,jepa_sensor_time__prectx_screen__other__resid_pc0,subject_center,0.2,0.45,0.5513022107602283,0.5438053970828848,-0.007496813677343561,0.17715419475765773
geom_r00,S2,jepa_sensor_time__prectx_screen__other__resid_pc0,global_z,0.2,0.45,0.5513022107602283,0.543866736199223,-0.007435474561005351,0.1748736769925904
geom_r00,S2,jepa_modality__presleep_mlight__pred_pc1,subject_z,0.05,0.45,0.5513022107602283,0.5459123164623233,-0.00538989429790504,-0.18857177656570576
geom_r00,S2,jepa_modality__presleep_mlight__pred_pc1,subject_rank,0.05,0.45,0.5513022107602283,0.5461571611434369,-0.005145049616791408,-0.1817550230691265
geom_r00,S2,jepa_sensor_time__prectx_screen__other__resid_pc0,global_z,0.05,0.45,0.5513022107602283,0.5464728746151296,-0.004829336145098728,0.1748736769925904
geom_r00,S2,jepa_sensor_time__prectx_screen__other__resid_pc0,subject_center,0.05,0.45,0.5513022107602283,0.546522331934332,-0.0047798788258963665,0.17715419475765773
geom_r00,S3,jepa_grid__presleep_mlight__other__resid,subject_rank,0.2,0.45,0.4922174671151981,0.48286993296096087,-0.009347534154237225,-0.2131902908300064
geom_r00,S3,jepa_modality__ble__resid_pc2,subject_rank,0.2,0.45,0.4922174671151981,0.48357888496546986,-0.008638582149728236,-0.21513468601176566
geom_r00,S3,jepa_modality__deep__cos,subject_rank,0.2,0.45,0.4922174671151981,0.4841577927967693,-0.0080596743184288,-0.2016580097900689
geom_r00,S3,jepa_modality__ble__resid_pc2,subject_z,0.2,0.45,0.4922174671151981,0.4842433354001426,-0.00797413171505551,-0.2078087767543739
geom_r00,S3,jepa_grid__presleep_mlight__other__resid,subject_z,0.2,0.45,0.4922174671151981,0.4849310841813282,-0.007286382933869906,-0.1900055160184879
geom_r00,S3,jepa_grid__presleep_mlight__other__resid,subject_rank,0.05,0.45,0.4922174671151981,0.48820881541440564,-0.004008651700792454,-0.2131902908300064
geom_r00,S3,jepa_modality__ble__resid_pc2,subject_rank,0.05,0.45,0.4922174671151981,0.48866206125305706,-0.0035554058621410367,-0.21513468601176566
geom_r00,S3,jepa_grid__presleep_mlight__other__resid,subject_z,0.05,0.45,0.4922174671151981,0.48898389552612254,-0.0032335715890755568,-0.1900055160184879
geom_r00,S3,jepa_modality__ble__resid_pc2,subject_z,0.05,0.45,0.4922174671151981,0.4890226121646381,-0.003194854950559989,-0.2078087767543739
geom_r00,S3,jepa_modality__deep__cos,subject_rank,0.05,0.45,0.4922174671151981,0.48936855382156097,-0.002848913293637123,-0.2016580097900689
geom_r00,S4,jepa_time__late__target_pc2,subject_z,0.2,0.45,0.6067835961813075,0.594803846957692,-0.011979749223615554,0.2052636112997194
geom_r00,S4,jepa_sensor_time__prectx_usage__pre3h__cos,subject_center,0.2,0.45,0.6067835961813075,0.5954207719839907,-0.011362824197316823,0.20058565059301053
geom_r00,S4,jepa_grid__prectx_wlight__pre3h__value,subject_rank,0.2,0.45,0.6067835961813075,0.5959443554756919,-0.010839240705615594,0.20093245649387775
geom_r00,S4,jepa_time__late__target_pc2,subject_center,0.2,0.45,0.6067835961813075,0.5959609506306229,-0.010822645550684573,0.20009977726588868
geom_r00,S4,jepa_sensor_time__prectx_usage__pre3h__cos,global_z,0.2,0.45,0.6067835961813075,0.5964034368435912,-0.0103801593377163,0.20160075848143832
geom_r00,S4,jepa_time__late__target_pc2,subject_z,0.05,0.45,0.6067835961813075,0.5970094542061037,-0.009774141975203765,0.2052636112997194
geom_r00,S4,jepa_time__late__target_pc2,subject_center,0.05,0.45,0.6067835961813075,0.5980742574634555,-0.008709338717851955,0.20009977726588868
geom_r00,S4,jepa_sensor_time__prectx_usage__pre3h__cos,subject_center,0.05,0.45,0.6067835961813075,0.5982819653025746,-0.008501630878732902,0.20058565059301053
geom_r00,S4,jepa_grid__prectx_wlight__pre3h__value,subject_rank,0.05,0.45,0.6067835961813075,0.5987800088912855,-0.00800358729002204,0.20093245649387775
geom_r00,S4,jepa_sensor_time__prectx_usage__pre3h__cos,global_z,0.05,0.45,0.6067835961813075,0.5994985660002083,-0.007285030181099161,0.20160075848143832
geom_r01,Q1,jepa_modality__prectx_wlight__resid_pc0,subject_rank,0.2,0.45,0.5544880852012802,0.5445470538433838,-0.00994103135789648,0.20252299605747864
geom_r01,Q1,jepa_modality__ambience__resid_norm,subject_rank,0.2,0.45,0.5544880852012802,0.5455955539744173,-0.008892531226862954,-0.19490903140949192
geom_r01,Q1,jepa_grid__phone_screen__late__resid,subject_rank,0.2,0.45,0.5544880852012802,0.5457309614129717,-0.008757123788308507,0.18783721482359608
geom_r01,Q1,jepa_modality__presleep_usage__resid_abs_mean,subject_z,0.2,0.45,0.5544880852012802,0.5475453285129123,-0.006942756688367968,-0.1766142172854461
geom_r01,Q1,jepa_modality__presleep_usage__resid_abs_mean,global_z,0.2,0.45,0.5544880852012802,0.549170872920738,-0.005317212280542272,-0.17652237397190151
geom_r01,Q1,jepa_modality__prectx_wlight__resid_pc0,subject_rank,0.05,0.45,0.5544880852012802,0.5508405875663892,-0.003647497634891028,0.20252299605747864
geom_r01,Q1,jepa_modality__ambience__resid_norm,subject_rank,0.05,0.45,0.5544880852012802,0.5508532868919561,-0.0036347983093241165,-0.19490903140949192
geom_r01,Q1,jepa_grid__phone_screen__late__resid,subject_rank,0.05,0.45,0.5544880852012802,0.5518966835040431,-0.00259140169723715,0.18783721482359608
geom_r01,Q1,jepa_modality__presleep_usage__resid_abs_mean,subject_z,0.05,0.3,0.5544880852012802,0.5528677391207951,-0.0016203460804851133,-0.1766142172854461
geom_r01,Q1,jepa_modality__presleep_usage__resid_abs_mean,global_z,0.05,0.3,0.5544880852012802,0.5537753496137966,-0.0007127355874836372,-0.17652237397190151
geom_r01,Q2,jepa_temporal__target_pc5,global_z,0.2,0.45,0.6415241100258644,0.6274602440325218,-0.014063865993342639,0.24420058440466658
geom_r01,Q2,jepa_sensor_time__prectx_usage__pre3h__pred_pc2,global_z,0.2,0.45,0.6415241100258644,0.6284782896177311,-0.01304582040813329,0.2305999191771332
geom_r01,Q2,jepa_temporal__resid_pc5,global_z,0.2,0.45,0.6415241100258644,0.6294109143854145,-0.01211319564044988,0.2233177493408935
geom_r01,Q2,jepa_modality__phone_screen__target_pc0,global_z,0.2,0.45,0.6415241100258644,0.6303347082031094,-0.011189401822754963,0.2248081920285351
geom_r01,Q2,jepa_modality__ble__pred_pc1,global_z,0.2,0.45,0.6415241100258644,0.6304848787845017,-0.011039231241362746,-0.22207347657961815
geom_r01,Q2,jepa_temporal__target_pc5,global_z,0.05,0.45,0.6415241100258644,0.6317338879230439,-0.009790222102820545,0.24420058440466658
geom_r01,Q2,jepa_sensor_time__prectx_usage__pre3h__pred_pc2,global_z,0.05,0.45,0.6415241100258644,0.6331282363318156,-0.008395873694048817,0.2305999191771332
geom_r01,Q2,jepa_temporal__resid_pc5,global_z,0.05,0.45,0.6415241100258644,0.6337639349506334,-0.007760175075230968,0.2233177493408935
geom_r01,Q2,jepa_modality__ble__pred_pc1,global_z,0.05,0.45,0.6415241100258644,0.6357863364031107,-0.005737773622753739,-0.22207347657961815
geom_r01,Q2,jepa_modality__phone_screen__target_pc0,global_z,0.05,0.45,0.6415241100258644,0.6367478952573853,-0.0047762147684791145,0.2248081920285351
geom_r01,Q3,jepa_grid__prectx_other__pre3h__pred,subject_rank,0.2,0.45,0.6423986299823352,0.6287410024170258,-0.013657627565309416,-0.2440558712228719
geom_r01,Q3,jepa_grid__prectx_other__pre1h__value,subject_rank,0.2,0.45,0.6423986299823352,0.6297993790272,-0.012599250955135255,-0.23625792292893205
geom_r01,Q3,jepa_temporal__target_pc5,subject_rank,0.2,0.45,0.6423986299823352,0.6302692737459086,-0.012129356236426636,0.22917028841034764
geom_r01,Q3,jepa_temporal__resid_pc5,subject_rank,0.2,0.45,0.6423986299823352,0.6302692737459086,-0.012129356236426636,0.22917028841034764
geom_r01,Q3,jepa_grid__presleep_other__pre1h__pred,subject_rank,0.2,0.45,0.6423986299823352,0.6315349677959022,-0.010863662186432976,-0.21886603702429314
geom_r01,Q3,jepa_grid__prectx_other__pre3h__pred,subject_rank,0.05,0.45,0.6423986299823352,0.6327055367024874,-0.009693093279847798,-0.2440558712228719
geom_r01,Q3,jepa_grid__prectx_other__pre1h__value,subject_rank,0.05,0.45,0.6423986299823352,0.6337267923753342,-0.008671837607000965,-0.23625792292893205
geom_r01,Q3,jepa_temporal__target_pc5,subject_rank,0.05,0.45,0.6423986299823352,0.6341879169643571,-0.008210713017978155,0.22917028841034764
geom_r01,Q3,jepa_temporal__resid_pc5,subject_rank,0.05,0.45,0.6423986299823352,0.6341879169643571,-0.008210713017978155,0.22917028841034764
geom_r01,Q3,jepa_grid__presleep_other__pre1h__pred,subject_rank,0.05,0.45,0.6423986299823352,0.6352416705936731,-0.007156959388662121,-0.21886603702429314
geom_r01,S1,jepa_sensor_time__prectx_other__other__target_pc1,subject_z,0.2,0.45,0.4506213858668286,0.4447809973350989,-0.00584038853172969,-0.18949310577676326
geom_r01,S1,jepa_modality__presleep_mlight__pred_pc1,subject_center,0.2,0.45,0.4506213858668286,0.4458592846974526,-0.004762101169375976,-0.19655600896823852
geom_r01,S1,jepa_time__other__resid_pc1,subject_center,0.2,0.45,0.4506213858668286,0.446671938336173,-0.00394944753065557,-0.1898052295480115
geom_r01,S1,jepa_modality__presleep_mlight__target_pc1,subject_center,0.2,0.45,0.4506213858668286,0.44675918806100023,-0.00386219780582836,-0.18974742695046798
geom_r01,S1,jepa_modality__presleep_mlight__pred_pc1,global_z,0.2,0.45,0.4506213858668286,0.4469407170628187,-0.0036806688040099123,-0.19304240286604013
geom_r01,S1,jepa_sensor_time__prectx_other__other__target_pc1,subject_z,0.05,0.3,0.4506213858668286,0.44762553889275647,-0.002995846974072125,-0.18949310577676326
geom_r01,S1,jepa_modality__presleep_mlight__pred_pc1,subject_center,0.05,0.45,0.4506213858668286,0.44947390601138637,-0.0011474798554422239,-0.19655600896823852
geom_r01,S1,jepa_modality__presleep_mlight__pred_pc1,global_z,0.05,0.3,0.4506213858668286,0.4496774064632682,-0.000943979403560391,-0.19304240286604013
geom_r01,S1,jepa_time__other__resid_pc1,subject_center,0.05,0.3,0.4506213858668286,0.4498840522305388,-0.0007373336362898053,-0.1898052295480115
geom_r01,S1,jepa_modality__presleep_mlight__target_pc1,subject_center,0.05,0.2,0.4506213858668286,0.45014175458215344,-0.0004796312846751527,-0.18974742695046798
geom_r01,S2,jepa_modality__deep__cos,subject_z,0.2,0.45,0.5587303176145804,0.5457253443026117,-0.013004973311968704,0.19752926138659546
geom_r01,S2,jepa_grid__prectx_wlight__pre3h__value,subject_rank,0.2,0.45,0.5587303176145804,0.5464225314926888,-0.01230778612189154,0.19670995072537967
geom_r01,S2,jepa_modality__presleep_other__target_norm,subject_rank,0.2,0.45,0.5587303176145804,0.5466972256225553,-0.012033091992025069,-0.19391431398836956
geom_r01,S2,jepa_sensor_time__quiet__other__resid_pc0,global_z,0.2,0.45,0.5587303176145804,0.5468724112506113,-0.011857906363969106,0.20145501160707927
geom_r01,S2,jepa_modality__presleep_usage__target_pc2,global_z,0.2,0.45,0.5587303176145804,0.5485932181724837,-0.01013709944209662,0.2061991874167639
geom_r01,S2,jepa_modality__deep__cos,subject_z,0.05,0.45,0.5587303176145804,0.549039812896806,-0.009690504717774329,0.19752926138659546
geom_r01,S2,jepa_grid__prectx_wlight__pre3h__value,subject_rank,0.05,0.45,0.5587303176145804,0.5496601182627184,-0.00907019935186193,0.19670995072537967
geom_r01,S2,jepa_modality__presleep_other__target_norm,subject_rank,0.05,0.45,0.5587303176145804,0.5501021720558754,-0.008628145558704947,-0.19391431398836956
geom_r01,S2,jepa_sensor_time__quiet__other__resid_pc0,global_z,0.05,0.45,0.5587303176145804,0.5504706320949171,-0.008259685519663273,0.20145501160707927
geom_r01,S2,jepa_modality__presleep_usage__target_pc2,global_z,0.05,0.45,0.5587303176145804,0.550734427835933,-0.007995889778647403,0.2061991874167639
geom_r01,S3,jepa_grid__deep__early__resid,subject_rank,0.2,0.45,0.5038584211297805,0.4983072810779548,-0.00555114005182572,0.18331736110972818
geom_r01,S3,jepa_prefix__deep__resid_pc1,subject_z,0.2,0.45,0.5038584211297805,0.4983122133546478,-0.0055462077751327055,0.16659855635542595
geom_r01,S3,jepa_grid__phone_light__evening__pred,subject_center,0.2,0.45,0.5038584211297805,0.4988639550608375,-0.004994466068942993,0.16461384353888942
geom_r01,S3,jepa_prefix__deep__resid_pc1,subject_rank,0.2,0.45,0.5038584211297805,0.49896222909951643,-0.0048961920302640904,0.1634620531178798
geom_r01,S3,jepa_grid__presleep_activity__pre1h__value,subject_rank,0.2,0.45,0.5038584211297805,0.4994546792089607,-0.004403741920819826,0.1653634594302591
geom_r01,S3,jepa_grid__deep__early__resid,subject_rank,0.05,0.45,0.5038584211297805,0.5015458512906535,-0.0023125698391269767,0.18331736110972818
geom_r01,S3,jepa_prefix__deep__resid_pc1,subject_z,0.05,0.45,0.5038584211297805,0.5019036383416517,-0.0019547827881287727,0.16659855635542595
geom_r01,S3,jepa_grid__phone_light__evening__pred,subject_center,0.05,0.45,0.5038584211297805,0.5021832575157306,-0.001675163614049957,0.16461384353888942
geom_r01,S3,jepa_grid__presleep_activity__pre1h__value,subject_rank,0.05,0.3,0.5038584211297805,0.5023491118042905,-0.0015093093254899825,0.1653634594302591
geom_r01,S3,jepa_prefix__deep__resid_pc1,subject_rank,0.05,0.3,0.5038584211297805,0.5024553604125702,-0.0014030607172103027,0.1634620531178798
geom_r01,S4,jepa_sensor_time__prectx_usage__pre3h__cos,subject_center,0.2,0.45,0.6002875169278128,0.5866140383946441,-0.013673478533168693,0.22030306065986252
geom_r01,S4,jepa_sensor_time__prectx_ambience__pre3h__cos,subject_center,0.2,0.45,0.6002875169278128,0.5872333039219761,-0.013054213005836646,0.22286188461630635
geom_r01,S4,jepa_grid__presleep_wlight__pre6h__pred,subject_rank,0.2,0.45,0.6002875169278128,0.58868087955909,-0.011606637368722805,0.21249742825648657
geom_r01,S4,jepa_sensor_time__prectx_usage__pre3h__cos,global_z,0.2,0.45,0.6002875169278128,0.58933527143448,-0.010952245493332846,0.2081131829843732
geom_r01,S4,jepa_grid__prectx_wlight__pre1h__pred,subject_rank,0.2,0.45,0.6002875169278128,0.5899897520541293,-0.010297764873683501,0.20310969984927402
geom_r01,S4,jepa_sensor_time__prectx_ambience__pre3h__cos,subject_center,0.05,0.45,0.6002875169278128,0.5906527878241422,-0.00963472910367058,0.22286188461630635
geom_r01,S4,jepa_sensor_time__prectx_usage__pre3h__cos,subject_center,0.05,0.45,0.6002875169278128,0.5907010741658499,-0.009586442761962854,0.22030306065986252
geom_r01,S4,jepa_grid__presleep_wlight__pre6h__pred,subject_rank,0.05,0.45,0.6002875169278128,0.5923674237078889,-0.00792009321992393,0.21249742825648657
geom_r01,S4,jepa_grid__prectx_wlight__pre1h__pred,subject_rank,0.05,0.45,0.6002875169278128,0.5937198065387863,-0.006567710389026482,0.20310969984927402
geom_r01,S4,jepa_sensor_time__prectx_usage__pre3h__cos,global_z,0.05,0.45,0.6002875169278128,0.5942370504038902,-0.006050466523922604,0.2081131829843732
geom_r02,Q1,jepa_sensor_time__prectx_mlight__other__target_norm,subject_rank,0.2,0.45,0.5781195278454918,0.5617612383874422,-0.016358289458049624,-0.2295420333424201
geom_r02,Q1,jepa_modality__phone_charge__pred_pc0,subject_rank,0.2,0.45,0.5781195278454918,0.5652400664872194,-0.012879461358272448,0.20913148259439673
geom_r02,Q1,jepa_modality__phone_screen__cos,global_z,0.2,0.45,0.5781195278454918,0.566119543100573,-0.011999984744918812,-0.21456888991938441
geom_r02,Q1,jepa_modality__phone_screen__cos,subject_z,0.2,0.45,0.5781195278454918,0.5661355973245366,-0.011983930520955255,-0.20673713153717557
geom_r02,Q1,jepa_modality__phone_screen__cos,subject_center,0.2,0.45,0.5781195278454918,0.5662960366659947,-0.011823491179497103,-0.21336794698476683
geom_r02,Q1,jepa_sensor_time__prectx_mlight__other__target_norm,subject_rank,0.05,0.45,0.5781195278454918,0.5671430296408015,-0.010976498204690266,-0.2295420333424201
geom_r02,Q1,jepa_modality__phone_charge__pred_pc0,subject_rank,0.05,0.45,0.5781195278454918,0.570014859953784,-0.008104667891707829,0.20913148259439673
geom_r02,Q1,jepa_modality__phone_screen__cos,subject_z,0.05,0.45,0.5781195278454918,0.5708165122721824,-0.007303015573309368,-0.20673713153717557
geom_r02,Q1,jepa_modality__phone_screen__cos,global_z,0.05,0.45,0.5781195278454918,0.5708231456575754,-0.007296382187916395,-0.21456888991938441
geom_r02,Q1,jepa_modality__phone_screen__cos,subject_center,0.05,0.45,0.5781195278454918,0.5709921880668348,-0.0071273397786569825,-0.21336794698476683
geom_r02,Q2,jepa_sensor_time__prectx_usage__pre3h__pred_pc2,subject_center,0.2,0.45,0.6362204372908844,0.6281040000715501,-0.008116437219334305,0.2005397730544713
geom_r02,Q2,jepa_sensor_time__prectx_screen__pre1h__resid_norm,global_z,0.2,0.45,0.6362204372908844,0.6283378871284853,-0.007882550162399138,-0.20825147220592818
geom_r02,Q2,jepa_sensor_time__prectx_screen__pre1h__resid_abs_mean,global_z,0.2,0.45,0.6362204372908844,0.6287449306267164,-0.0074755066641679635,-0.2033710227291894
geom_r02,Q2,jepa_sensor_time__prectx_screen__pre1h__resid_norm,subject_center,0.2,0.45,0.6362204372908844,0.6290633494056266,-0.007157087885257818,-0.20301637834746483
geom_r02,Q2,jepa_prefix__prectx__resid_pc0,subject_z,0.2,0.45,0.6362204372908844,0.6303042266214154,-0.005916210669469013,-0.1986422010611181
geom_r02,Q2,jepa_sensor_time__prectx_usage__pre3h__pred_pc2,subject_center,0.05,0.45,0.6362204372908844,0.6327894473323304,-0.003430989958553954,0.2005397730544713
geom_r02,Q2,jepa_sensor_time__prectx_screen__pre1h__resid_norm,global_z,0.05,0.45,0.6362204372908844,0.6329776608098158,-0.003242776481068632,-0.20825147220592818
geom_r02,Q2,jepa_sensor_time__prectx_screen__pre1h__resid_abs_mean,global_z,0.05,0.45,0.6362204372908844,0.6332804023827134,-0.002940034908170963,-0.2033710227291894
geom_r02,Q2,jepa_sensor_time__prectx_screen__pre1h__resid_norm,subject_center,0.05,0.3,0.6362204372908844,0.6337746464489311,-0.002445790841953288,-0.20301637834746483
geom_r02,Q2,jepa_prefix__prectx__resid_pc0,subject_z,0.05,0.3,0.6362204372908844,0.634081560557787,-0.002138876733097428,-0.1986422010611181
geom_r02,Q3,jepa_sensor_time__prectx_ambience__pre3h__cos,subject_center,0.2,0.45,0.633798568365917,0.6237060479787195,-0.010092520387197434,0.2012218837886713
geom_r02,Q3,jepa_grid__phone_light__all__value,subject_center,0.2,0.45,0.633798568365917,0.6242216672009132,-0.00957690116500376,-0.19752930400145385
geom_r02,Q3,jepa_sensor_time__prectx_ambience__pre3h__cos,global_z,0.2,0.45,0.633798568365917,0.6246141427459415,-0.009184425619975456,0.2032187762564973
geom_r02,Q3,jepa_grid__watch_light__evening__pred,subject_center,0.2,0.45,0.633798568365917,0.6254319411914376,-0.008366627174479335,-0.19904198535552692
geom_r02,Q3,jepa_sensor_time__prectx_ambience__pre3h__cos,subject_center,0.05,0.45,0.633798568365917,0.6256435962564157,-0.008154972109501224,0.2012218837886713
geom_r02,Q3,jepa_grid__phone_light__all__value,subject_center,0.05,0.45,0.633798568365917,0.6258410221557071,-0.007957546210209832,-0.19752930400145385
geom_r02,Q3,jepa_sensor_time__prectx_ambience__pre3h__cos,global_z,0.05,0.45,0.633798568365917,0.62640119261598,-0.00739737574993693,0.2032187762564973
geom_r02,Q3,jepa_grid__watch_light__evening__pred,subject_center,0.05,0.45,0.633798568365917,0.6269522001105634,-0.006846368255353563,-0.19904198535552692
geom_r02,Q3,jepa_modality__prectx_wlight__pred_pc2,subject_rank,0.2,0.45,0.633798568365917,0.6274988092939832,-0.006299759071933808,-0.1964865718249412
geom_r02,Q3,jepa_modality__prectx_wlight__pred_pc2,subject_rank,0.05,0.45,0.633798568365917,0.628925092569018,-0.004873475796899007,-0.1964865718249412
geom_r02,S1,jepa_modality__presleep_activity__resid_pc0,global_z,0.2,0.45,0.4774230395458161,0.4736467544557586,-0.0037762850900575073,-0.1731548332378923
geom_r02,S1,jepa_modality__presleep_activity__resid_pc0,subject_center,0.2,0.45,0.4774230395458161,0.4746390657503713,-0.0027839737954448163,-0.15989885677742743
geom_r02,S1,jepa_modality__wifi__resid_pc0,subject_z,0.2,0.45,0.4774230395458161,0.4752604987158775,-0.0021625408299386084,-0.15370556045398553
geom_r02,S1,jepa_grid__presleep_ambience__pre6h__resid,global_z,0.2,0.45,0.4774230395458161,0.47538283689714744,-0.0020402026486686653,0.15605452933270797
geom_r02,S1,jepa_grid__ambience__afternoon__resid,global_z,0.2,0.3,0.4774230395458161,0.475983585179857,-0.001439454365959103,0.15983446932664566
geom_r02,S1,jepa_modality__presleep_activity__resid_pc0,global_z,0.05,0.3,0.4774230395458161,0.4761545137042458,-0.0012685258415703338,-0.1731548332378923
geom_r02,S1,jepa_modality__presleep_activity__resid_pc0,subject_center,0.05,0.2,0.4774230395458161,0.4766961192986827,-0.0007269202471333891,-0.15989885677742743
geom_r02,S1,jepa_modality__wifi__resid_pc0,subject_z,0.05,0.2,0.4774230395458161,0.47688356205423577,-0.0005394774915803424,-0.15370556045398553
geom_r02,S1,jepa_grid__presleep_ambience__pre6h__resid,global_z,0.05,0.2,0.4774230395458161,0.4769758337429102,-0.0004472058029059145,0.15605452933270797
geom_r02,S1,jepa_grid__ambience__afternoon__resid,global_z,0.05,0.15,0.4774230395458161,0.47715100459007265,-0.0002720349557434609,0.15983446932664566
geom_r02,S2,jepa_modality__presleep_mlight__pred_pc1,subject_rank,0.2,0.45,0.5606169462191608,0.5516402825030972,-0.008976663716063649,-0.1883967837776407
geom_r02,S2,jepa_modality__presleep_mlight__pred_pc1,subject_z,0.2,0.45,0.5606169462191608,0.5520443002940691,-0.00857264592509166,-0.17727314223218957
geom_r02,S2,jepa_modality__usage__cos,global_z,0.2,0.45,0.5606169462191608,0.5532998421933714,-0.007317104025789445,0.17191685688353917
geom_r02,S2,jepa_time__late__pred_pc2,subject_z,0.2,0.45,0.5606169462191608,0.5538346934658104,-0.006782252753350426,0.16713936982482602
geom_r02,S2,jepa_grid__prectx_activity__pre6h__resid,subject_rank,0.2,0.45,0.5606169462191608,0.5539438210125914,-0.006673125206569375,0.168688601439392
geom_r02,S2,jepa_modality__presleep_mlight__pred_pc1,subject_z,0.05,0.45,0.5606169462191608,0.5543514950756889,-0.0062654511434718785,-0.17727314223218957
geom_r02,S2,jepa_modality__presleep_mlight__pred_pc1,subject_rank,0.05,0.45,0.5606169462191608,0.5544431077404889,-0.0061738384786719225,-0.1883967837776407
geom_r02,S2,jepa_modality__usage__cos,global_z,0.05,0.45,0.5606169462191608,0.5561197668322775,-0.004497179386883321,0.17191685688353917
geom_r02,S2,jepa_time__late__pred_pc2,subject_z,0.05,0.45,0.5606169462191608,0.5561704261176288,-0.004446520101532014,0.16713936982482602
geom_r02,S2,jepa_grid__prectx_activity__pre6h__resid,subject_rank,0.05,0.45,0.5606169462191608,0.5565593189431038,-0.004057627276056963,0.168688601439392
geom_r02,S3,jepa_grid__presleep_mlight__other__resid,subject_z,0.2,0.45,0.5040542201571154,0.49479099359583883,-0.009263226561276594,-0.2040510895357045
geom_r02,S3,jepa_modality__prectx_hr__resid_abs_mean,subject_rank,0.2,0.45,0.5040542201571154,0.4972039414768728,-0.006850278680242627,0.17831983330439136
geom_r02,S3,jepa_grid__presleep_mlight__other__resid,subject_rank,0.2,0.45,0.5040542201571154,0.4974710920065772,-0.006583128150538242,-0.19380440993413778
geom_r02,S3,jepa_grid__watch_pedo__early__value,subject_z,0.2,0.45,0.5040542201571154,0.49781334537174726,-0.006240874785368167,0.17882057399942525
geom_r02,S3,jepa_grid__presleep_mlight__other__resid,subject_z,0.05,0.45,0.5040542201571154,0.497997403906515,-0.00605681625060045,-0.2040510895357045
geom_r02,S3,jepa_sensor_time__prectx_screen__other__resid_pc1,global_z,0.2,0.45,0.5040542201571154,0.4989386006333206,-0.0051156195237948565,0.17663901861744752
geom_r02,S3,jepa_grid__watch_pedo__early__value,subject_z,0.05,0.45,0.5040542201571154,0.5006159256439348,-0.003438294513180673,0.17882057399942525
geom_r02,S3,jepa_modality__prectx_hr__resid_abs_mean,subject_rank,0.05,0.45,0.5040542201571154,0.5006730333368196,-0.0033811868202958673,0.17831983330439136
geom_r02,S3,jepa_grid__presleep_mlight__other__resid,subject_rank,0.05,0.45,0.5040542201571154,0.5011486265140912,-0.002905593643024229,-0.19380440993413778
geom_r02,S3,jepa_sensor_time__prectx_screen__other__resid_pc1,global_z,0.05,0.3,0.5040542201571154,0.5018230230094373,-0.0022311971476781656,0.17663901861744752
geom_r02,S4,jepa_modality__gps__target_pc1,subject_rank,0.2,0.45,0.5970314196841471,0.5869914538117263,-0.01003996587242073,-0.211086986912219
geom_r02,S4,jepa_modality__gps__target_pc1,subject_z,0.2,0.45,0.5970314196841471,0.588015119471905,-0.00901630021224209,-0.199940852837978
geom_r02,S4,jepa_grid__prectx_wlight__pre1h__pred,subject_rank,0.2,0.45,0.5970314196841471,0.5887359220287748,-0.008295497655372297,0.2192936328088318
geom_r02,S4,jepa_grid__prectx_wlight__pre3h__value,subject_rank,0.2,0.45,0.5970314196841471,0.5891548565027867,-0.00787656318136043,0.2040204020306225
geom_r02,S4,jepa_modality__gps__target_pc1,subject_center,0.2,0.45,0.5970314196841471,0.5896397147606901,-0.0073917049234569765,-0.19022142071083342
geom_r02,S4,jepa_modality__gps__target_pc1,subject_rank,0.05,0.45,0.5970314196841471,0.5903107071205164,-0.006720712563630715,-0.211086986912219
geom_r02,S4,jepa_modality__gps__target_pc1,subject_z,0.05,0.45,0.5970314196841471,0.5909372693472436,-0.0060941503369035255,-0.199940852837978
geom_r02,S4,jepa_grid__prectx_wlight__pre3h__value,subject_rank,0.05,0.45,0.5970314196841471,0.5919732778905131,-0.005058141793633952,0.2040204020306225
geom_r02,S4,jepa_grid__prectx_wlight__pre1h__pred,subject_rank,0.05,0.45,0.5970314196841471,0.5920910106848486,-0.0049404089992984845,0.2192936328088318
geom_r02,S4,jepa_modality__gps__target_pc1,subject_center,0.05,0.45,0.5970314196841471,0.5922953298874519,-0.004736089796695153,-0.19022142071083342
geom_r03,Q1,jepa_modality__ambience__resid_norm,subject_rank,0.2,0.45,0.5731651477722832,0.5603794719611221,-0.012785675811161079,-0.21777708362494622
geom_r03,Q1,jepa_modality__ambience__resid_norm,subject_rank,0.05,0.45,0.5731651477722832,0.5648124534883205,-0.00835269428396268,-0.21777708362494622
geom_r03,Q1,jepa_modality__ambience__resid_abs_mean,subject_rank,0.2,0.45,0.5731651477722832,0.5648251487107466,-0.008339999061536596,-0.18631658296741582
geom_r03,Q1,jepa_modality__ambience__resid_norm,subject_z,0.2,0.45,0.5731651477722832,0.5652899229075806,-0.007875224864702601,-0.18336501112241804
geom_r03,Q1,jepa_modality__ambience__resid_abs_mean,subject_z,0.2,0.45,0.5731651477722832,0.5673300303391344,-0.005835117433148795,-0.16834853812356132
geom_r03,Q1,jepa_modality__ambience__resid_abs_mean,subject_rank,0.05,0.45,0.5731651477722832,0.5685359308111081,-0.004629216961175131,-0.18631658296741582
geom_r03,Q1,jepa_modality__ambience__resid_norm,subject_z,0.05,0.45,0.5731651477722832,0.5688097343137918,-0.004355413458491442,-0.18336501112241804
geom_r03,Q1,jepa_time__afternoon__resid_pc1,subject_z,0.2,0.45,0.5731651477722832,0.5692087310873875,-0.003956416684895769,-0.16948336309277867
geom_r03,Q1,jepa_modality__ambience__resid_abs_mean,subject_z,0.05,0.45,0.5731651477722832,0.570467988230787,-0.0026971595414961858,-0.16834853812356132
geom_r03,Q1,jepa_time__afternoon__resid_pc1,subject_z,0.05,0.3,0.5731651477722832,0.571635904084923,-0.0015292436873601822,-0.16948336309277867
geom_r03,Q2,jepa_sensor_time__prectx_usage__pre3h__pred_pc2,subject_center,0.2,0.45,0.6478830864900221,0.638384314150213,-0.009498772339809114,0.2023477634835063
geom_r03,Q2,jepa_grid__phone_screen__afternoon__pred,subject_rank,0.2,0.45,0.6478830864900221,0.6393206764599607,-0.008562410030061418,0.19591843811584056
geom_r03,Q2,jepa_modality__phone_screen__pred_pc0,subject_rank,0.2,0.45,0.6478830864900221,0.64007925967093,-0.007803826819092086,0.19411996373478432
geom_r03,Q2,jepa_sensor_time__prectx_usage__pre6h__target_pc2,subject_center,0.2,0.45,0.6478830864900221,0.6411241497486102,-0.006758936741411925,0.18590518977406828
geom_r03,Q2,jepa_grid__phone_light__early__resid,subject_rank,0.2,0.45,0.6478830864900221,0.6415576517572857,-0.00632543473273639,-0.19054934382444144
geom_r03,Q2,jepa_sensor_time__prectx_usage__pre3h__pred_pc2,subject_center,0.05,0.45,0.6478830864900221,0.6425015779576905,-0.005381508532331658,0.2023477634835063
geom_r03,Q2,jepa_grid__phone_screen__afternoon__pred,subject_rank,0.05,0.45,0.6478830864900221,0.6437565593176623,-0.00412652717235984,0.19591843811584056
geom_r03,Q2,jepa_modality__phone_screen__pred_pc0,subject_rank,0.05,0.45,0.6478830864900221,0.6442937623036846,-0.003589324186337506,0.19411996373478432
geom_r03,Q2,jepa_sensor_time__prectx_usage__pre6h__target_pc2,subject_center,0.05,0.45,0.6478830864900221,0.6448131504021279,-0.0030699360878941873,0.18590518977406828
geom_r03,Q2,jepa_grid__phone_light__early__resid,subject_rank,0.05,0.3,0.6478830864900221,0.6451772265759561,-0.0027058599140660222,-0.19054934382444144
geom_r03,Q3,jepa_grid__prectx_other__pre3h__pred,subject_rank,0.2,0.45,0.6327547828631431,0.62334824386594,-0.009406538997203118,-0.22005230945504775
geom_r03,Q3,jepa_prefix__prectx__resid_pc2,subject_rank,0.2,0.45,0.6327547828631431,0.6235067048355306,-0.009248078027612516,0.20051791501588775
geom_r03,Q3,jepa_grid__prectx_hr__pre6h__pred,subject_rank,0.2,0.45,0.6327547828631431,0.6238121954643329,-0.008942587398810264,-0.21190718060020164
geom_r03,Q3,jepa_modality__presleep_other__target_pc0,subject_rank,0.2,0.45,0.6327547828631431,0.625749203783134,-0.0070055790800090945,-0.19585226280787169
geom_r03,Q3,jepa_grid__prectx_other__pre3h__pred,subject_rank,0.05,0.45,0.6327547828631431,0.6259527216461107,-0.006802061217032418,-0.22005230945504775
geom_r03,Q3,jepa_grid__prectx_hr__pre6h__pred,subject_rank,0.05,0.45,0.6327547828631431,0.6262033319233401,-0.006551450939803027,-0.21190718060020164
geom_r03,Q3,jepa_prefix__prectx__resid_pc0,subject_z,0.2,0.45,0.6327547828631431,0.6262482394339456,-0.006506543429197542,-0.19442728669596376
geom_r03,Q3,jepa_prefix__prectx__resid_pc2,subject_rank,0.05,0.45,0.6327547828631431,0.626388433664219,-0.006366349198924093,0.20051791501588775
geom_r03,Q3,jepa_modality__presleep_other__target_pc0,subject_rank,0.05,0.45,0.6327547828631431,0.6276439063905329,-0.005110876472610215,-0.19585226280787169
geom_r03,Q3,jepa_prefix__prectx__resid_pc0,subject_z,0.05,0.45,0.6327547828631431,0.6285587168564089,-0.004196066006734278,-0.19442728669596376
geom_r03,S1,jepa_grid__prectx_other__pre1h__pred,subject_z,0.2,0.45,0.4777893646963304,0.4677217633140725,-0.010067601382257874,-0.1893217445462095
geom_r03,S1,jepa_grid__deep__early__pred,subject_rank,0.2,0.45,0.4777893646963304,0.46941151732066205,-0.008377847375668324,-0.17449955149051444
geom_r03,S1,jepa_grid__presleep_other__pre1h__pred,subject_z,0.2,0.45,0.4777893646963304,0.46954837807973415,-0.008240986616596224,-0.16964292032218817
geom_r03,S1,jepa_grid__watch_pedo__early__value,subject_rank,0.2,0.45,0.4777893646963304,0.4709040179345204,-0.006885346761809963,-0.17222893754316645
geom_r03,S1,jepa_time__other__resid_pc1,subject_rank,0.2,0.45,0.4777893646963304,0.4718165265900818,-0.005972838106248601,-0.18465666473994372
geom_r03,S1,jepa_grid__prectx_other__pre1h__pred,subject_z,0.05,0.45,0.4777893646963304,0.473283624084104,-0.004505740612226361,-0.1893217445462095
geom_r03,S1,jepa_grid__presleep_other__pre1h__pred,subject_z,0.05,0.45,0.4777893646963304,0.47447859417501437,-0.003310770521316009,-0.16964292032218817
geom_r03,S1,jepa_grid__deep__early__pred,subject_rank,0.05,0.45,0.4777893646963304,0.47523138523198094,-0.002557979464349436,-0.17449955149051444
geom_r03,S1,jepa_grid__watch_pedo__early__value,subject_rank,0.05,0.45,0.4777893646963304,0.4756655104394478,-0.0021238542568825514,-0.17222893754316645
geom_r03,S1,jepa_time__other__resid_pc1,subject_rank,0.05,0.45,0.4777893646963304,0.47593220905174516,-0.0018571556445852178,-0.18465666473994372
geom_r03,S2,jepa_grid__phone_activity__late__resid,subject_z,0.2,0.45,0.5659890893768216,0.5554320894470661,-0.01055699992975545,-0.19483262936772117
geom_r03,S2,jepa_modality__presleep_mlight__pred_pc1,subject_z,0.2,0.45,0.5659890893768216,0.5556114676590888,-0.010377621717732821,-0.20091248917869314
geom_r03,S2,jepa_sensor_time__prectx_other__pre3h__pred_norm,subject_z,0.2,0.45,0.5659890893768216,0.5571674845593477,-0.00882160481747385,-0.1921940998123537
geom_r03,S2,jepa_modality__presleep_mlight__pred_pc1,subject_rank,0.2,0.45,0.5659890893768216,0.5573685286993029,-0.008620560677518707,-0.19100889388670517
geom_r03,S2,jepa_sensor_time__prectx_other__pre3h__pred_norm,subject_rank,0.2,0.45,0.5659890893768216,0.5579756397915046,-0.008013449585317023,-0.1988753061990373
geom_r03,S2,jepa_modality__presleep_mlight__pred_pc1,subject_z,0.05,0.45,0.5659890893768216,0.5580078009940068,-0.007981288382814755,-0.20091248917869314
geom_r03,S2,jepa_grid__phone_activity__late__resid,subject_z,0.05,0.45,0.5659890893768216,0.5583199252355167,-0.007669164141304918,-0.19483262936772117
geom_r03,S2,jepa_sensor_time__prectx_other__pre3h__pred_norm,subject_z,0.05,0.45,0.5659890893768216,0.5595547807863436,-0.0064343085904779995,-0.1921940998123537
geom_r03,S2,jepa_modality__presleep_mlight__pred_pc1,subject_rank,0.05,0.45,0.5659890893768216,0.5597953217709907,-0.006193767605830902,-0.19100889388670517
geom_r03,S2,jepa_sensor_time__prectx_other__pre3h__pred_norm,subject_rank,0.05,0.45,0.5659890893768216,0.5600180794231339,-0.0059710099536877115,-0.1988753061990373
geom_r03,S3,jepa_grid__presleep_mlight__other__resid,subject_z,0.2,0.45,0.5272669504928366,0.517747265363737,-0.009519685129099509,-0.20005525247427042
geom_r03,S3,jepa_modality__prectx_hr__resid_abs_mean,subject_z,0.2,0.45,0.5272669504928366,0.5197662683033291,-0.0075006821895075015,0.17036161121907845
geom_r03,S3,jepa_grid__presleep_mlight__other__resid,subject_z,0.05,0.45,0.5272669504928366,0.5198057491743416,-0.0074612013184949255,-0.20005525247427042
geom_r03,S3,jepa_grid__presleep_mlight__other__resid,subject_rank,0.2,0.45,0.5272669504928366,0.5200270944635206,-0.007239856029315983,-0.1917298835731398
geom_r03,S3,jepa_modality__prectx_hr__resid_abs_mean,subject_rank,0.2,0.45,0.5272669504928366,0.5200670785530567,-0.007199871939779889,0.17820779270740644
geom_r03,S3,jepa_sensor_time__prectx_wlight__other__resid_pc0,subject_z,0.2,0.45,0.5272669504928366,0.520628765064725,-0.006638185428111565,0.17885044284900334
geom_r03,S3,jepa_modality__prectx_hr__resid_abs_mean,subject_z,0.05,0.45,0.5272669504928366,0.5219015538892572,-0.005365396603579375,0.17036161121907845
geom_r03,S3,jepa_modality__prectx_hr__resid_abs_mean,subject_rank,0.05,0.45,0.5272669504928366,0.5224344830518572,-0.004832467440979316,0.17820779270740644
geom_r03,S3,jepa_grid__presleep_mlight__other__resid,subject_rank,0.05,0.45,0.5272669504928366,0.5227187477200987,-0.004548202772737819,-0.1917298835731398
geom_r03,S3,jepa_sensor_time__prectx_wlight__other__resid_pc0,subject_z,0.05,0.45,0.5272669504928366,0.5228841438222364,-0.004382806670600203,0.17885044284900334
geom_r03,S4,jepa_grid__phone_charge__afternoon__value,subject_z,0.2,0.45,0.6042589932037784,0.5952893443283384,-0.00896964887544005,-0.19767997355641573
geom_r03,S4,jepa_modality__gps__pred_pc1,subject_center,0.2,0.45,0.6042589932037784,0.5961124644592785,-0.008146528744499948,-0.19682727608575779
geom_r03,S4,jepa_grid__phone_charge__afternoon__value,subject_center,0.2,0.45,0.6042589932037784,0.5964546000136586,-0.007804393190119829,-0.19060620358505728
geom_r03,S4,jepa_grid__proxy__late__resid,subject_rank,0.2,0.45,0.6042589932037784,0.596829176307035,-0.00742981689674338,-0.20139438717159733
geom_r03,S4,jepa_grid__phone_charge__afternoon__value,subject_z,0.05,0.45,0.6042589932037784,0.5985904427485773,-0.0056685504552010935,-0.19767997355641573
geom_r03,S4,jepa_modality__gps__pred_pc1,subject_center,0.05,0.45,0.6042589932037784,0.598787902837597,-0.00547109036618143,-0.19682727608575779
geom_r03,S4,jepa_grid__phone_activity__evening__pred,subject_rank,0.2,0.45,0.6042589932037784,0.5989126051115966,-0.0053463880921817974,-0.1918064799712299
geom_r03,S4,jepa_grid__proxy__late__resid,subject_rank,0.05,0.45,0.6042589932037784,0.5989257049024305,-0.005333288301347938,-0.20139438717159733
geom_r03,S4,jepa_grid__phone_charge__afternoon__value,subject_center,0.05,0.45,0.6042589932037784,0.5994667653139445,-0.004792227889833911,-0.19060620358505728
geom_r03,S4,jepa_grid__phone_activity__evening__pred,subject_rank,0.05,0.45,0.6042589932037784,0.600984986939199,-0.00327400626457941,-0.1918064799712299
