posterior_id,mode,top_k,temperature,hs_lambda,posterior_mae,posterior_p90_abs,posterior_spearman,ess,ess_rate_in_topk,weighted_world_error,weighted_hs_energy,topk_mean_hs_energy,row_vector_kl_from_hs,mean_max_vector_posterior,q_abs_shift_vs_base,q_max_abs_shift_vs_base,q_spearman_vs_base,hs_source_weight_share,mae_over_public_best,p90_over_public_best,hs_energy_gain_vs_public,pareto_score,prelim_decision,rowperm_public_p,rowperm_hs_kl_p,rowperm_public_median,rowperm_hs_kl_median,final_decision,decision_rank
pareto_top1000_lam0.2_t0.00012,pareto,1000,0.00012,0.2,3.110004730541745e-05,5.9356652720894734e-05,0.9894736842105262,879.639095527083,0.879639095527083,0.0002838817418287146,4.839918631709769,4.877889323310565,1.1560583196055276,0.11781939582697527,0.017587881624157073,0.10535995785329716,0.9957013588383157,0.692,5.44686289642212e-06,7.664275482088814e-06,0.02967343552249968,-5.5379826524263205e-06,pareto_candidate,0.7540983606557377,0.01639344262295082,3.097302767905396e-05,1.1584349783773886,pareto_candidate,1
public_top250_lam0_t0.00012,public_only,250,0.00012,0.0,2.5653184408995327e-05,6.049944627889406e-05,0.993984962406015,236.47695657935517,0.9459078263174207,0.00024150426357165855,4.9010147096035865,4.901172318343928,1.3506887919522454,0.11839150223483318,0.024677483844449226,0.11564567489259203,0.9898830464270024,0.672,0.0,8.807069040088139e-06,-0.03142264237131798,1.0186474824782398e-06,public_baseline,1.0,1.0,,,public_baseline,2
public_top500_lam0_t0.00012,public_only,500,0.00012,0.0,2.6129974027924892e-05,6.61073705135811e-05,0.9909774436090225,463.6962368819014,0.9273924737638028,0.00026142813992912966,4.8841997902563445,4.88077139938558,1.2397642953718213,0.1163317370307613,0.019252777652134942,0.10743433242446188,0.9942540524848134,0.6839999999999999,4.7678961892956494e-07,1.4414993274775182e-05,-0.01460772302407598,3.160755797638138e-06,public_baseline,1.0,1.0,,,public_baseline,2
public_top1000_lam0_t0.00012,public_only,1000,0.00012,0.0,2.9251236845349338e-05,5.169237723880592e-05,0.9909774436090225,904.9437377824345,0.9049437377824345,0.00028347413059083196,4.880621039906162,4.877889323310565,1.1821690234369058,0.11508389289338015,0.016112531655380017,0.09093479871544424,0.9962246788018037,0.692,3.598052436354011e-06,0.0,-0.011028972673893023,3.614649141596117e-06,public_baseline,1.0,1.0,,,public_baseline,2
public_top250_lam0_t0.00025,public_only,250,0.00025,0.0,2.702965327344639e-05,6.81147449402703e-05,0.9954887218045112,247.21569311834216,0.9888627724733686,0.0002447461748189668,4.901143928167759,4.901172318343928,1.345161010641564,0.11814627430432856,0.0241681447451464,0.11385361462009225,0.9903416197553888,0.672,1.3764688644510637e-06,1.6422367701464376e-05,-0.03155186093549034,4.651731295668831e-06,public_baseline,1.0,1.0,,,public_baseline,2
public_top1000_lam0_t0.00025,public_only,1000,0.00025,0.0,3.096913864421725e-05,5.2081486857004755e-05,0.9909774436090225,980.7522109919498,0.9807522109919499,0.0002891976468985375,4.879089679202512,4.877889323310565,1.1775598911010938,0.11516107374143092,0.015872337110393913,0.09316659275352374,0.9963995591457564,0.692,5.315954235221922e-06,3.891096181988352e-07,-0.009497611970243014,5.945198884674115e-06,public_baseline,1.0,1.0,,,public_baseline,2
public_top250_lam0_t0.0005,public_only,250,0.0005,0.0,2.7586683179430318e-05,7.105014113117807e-05,0.9954887218045112,249.3439070675223,0.9973756282700892,0.0002461018124360277,4.901167525398199,4.901172318343928,1.3440006329642016,0.11809839531154227,0.024049415182313915,0.11538325418070772,0.9904392425254025,0.672,1.933498770434991e-06,1.9357763892372146e-05,-0.031575458165930215,6.109719221174879e-06,public_baseline,1.0,1.0,,,public_baseline,2
public_top500_lam0_t0.00025,public_only,500,0.00025,0.0,2.8017372901819205e-05,7.024585841315884e-05,0.9909774436090225,492.5596023601946,0.9851192047203893,0.000265794834929605,4.882390147434725,4.88077139938558,1.2336856533553384,0.11626052727573276,0.018921611680257043,0.10462789540354445,0.9945197978498308,0.6839999999999999,2.364188492823878e-06,1.8553481174352915e-05,-0.012798080202456319,6.648996308595175e-06,public_baseline,1.0,1.0,,,public_baseline,2
public_top1000_lam0_t0.0005,public_only,1000,0.0005,0.0,3.162270796260623e-05,5.2051027568687486e-05,0.9909774436090225,995.5279610591616,0.9955279610591616,0.00029152945265232654,4.878463526965595,4.877889323310565,1.176514001337675,0.11522677660563292,0.015854287791585035,0.09423450145161955,0.996418286969231,0.692,5.969523553610906e-06,3.586503298815658e-07,-0.008871459733326148,6.787224176500476e-06,public_baseline,1.0,1.0,,,public_baseline,2
public_top500_lam0_t0.0005,public_only,500,0.0005,0.0,2.869661910065418e-05,7.15901756919088e-05,0.9909774436090225,498.25494704604023,0.9965098940920805,0.00026760388619467417,4.881571886617622,4.88077139938558,1.2321449141659924,0.11629446585352378,0.018882129166776992,0.1036286594995609,0.9945846780164643,0.6839999999999999,3.043434691658853e-06,1.989779845310288e-05,-0.01197981938535353,7.868095686768133e-06,public_baseline,1.0,1.0,,,public_baseline,2
public_top2500_lam0_t0.00012,public_only,2500,0.00012,0.0,3.220205085467621e-05,5.930841056691462e-05,0.9759398496240601,2147.8827503311986,0.8591531001324795,0.0003168436817116259,4.878614458282319,4.876524890212045,1.147038139798474,0.1144333763157938,0.013923565228752459,0.07606219805678027,0.9975085208112401,0.6948,6.548866445680884e-06,7.616033328108702e-06,-0.00902239105005087,9.956219445146724e-06,public_baseline,1.0,1.0,,,public_baseline,2
public_top2500_lam0_t0.00025,public_only,2500,0.00025,0.0,3.372066007461981e-05,6.311176582541168e-05,0.9759398496240601,2428.2357107502594,0.9712942843001038,0.0003254887630421964,4.877387769277593,4.876524890212045,1.14389202682042,0.11456536081531965,0.013826203042806127,0.07178435540062666,0.997601201498342,0.6948,8.067475665624482e-06,1.1419388586605764e-05,-0.007795702045324759,1.288125024569767e-05,public_baseline,1.0,1.0,,,public_baseline,2
public_top2500_lam0_t0.0005,public_only,2500,0.0005,0.0,3.4230153939743185e-05,6.450321353071755e-05,0.9759398496240601,2483.4005381140637,0.9933602152456255,0.00032896863453347883,4.876926992986526,4.876524890212045,1.143239513319414,0.11463537888473152,0.013842641322001213,0.07018866838870041,0.9976072672110728,0.6948,8.576969530747858e-06,1.2810836291911631e-05,-0.007334925754257426,1.3891454196684528e-05,public_baseline,1.0,1.0,,,public_baseline,2
public_top5000_lam0_t0.00012,public_only,5000,0.00012,0.0,3.462073737087864e-05,6.357402012250274e-05,0.9759398496240601,3993.5685013106263,0.7987137002621253,0.000346600765706399,4.876892250619273,4.875371477529773,1.1331209650999228,0.11433139088301494,0.013059256986311793,0.07339590297340398,0.997948400297709,0.7020000000000001,8.967552961883314e-06,1.1881642883696822e-05,-0.007300183387004111,1.4166914305106919e-05,public_baseline,1.0,1.0,,,public_baseline,2
public_top5000_lam0_t0.00025,public_only,5000,0.00025,0.0,3.630039568788953e-05,6.702515515060045e-05,0.9759398496240601,4788.307983453394,0.9576615966906787,0.00035947225110219644,4.875904890918889,4.875371477529773,1.1304102123408397,0.11443852873453048,0.012956936147432345,0.07239964086470968,0.9980261551667732,0.7020000000000001,1.0647211278894206e-05,1.5332777911794525e-05,-0.006312823686620561,1.72132538742455e-05,public_baseline,1.0,1.0,,,public_baseline,2
public_top5000_lam0_t0.0005,public_only,5000,0.0005,0.0,3.694175155236996e-05,6.8226460445495e-05,0.9759398496240601,4950.974308986029,0.9901948617972058,0.00036463314627407624,4.875598490908775,4.875371477529773,1.1298624315917076,0.1144823523203476,0.012956585167956768,0.072030373042482,0.998045731588481,0.7020000000000001,1.1288567143374636e-05,1.653408320668908e-05,-0.0060064236765065004,1.8347342821793698e-05,public_baseline,1.0,1.0,,,public_baseline,2
public_top10000_lam0_t0.00012,public_only,10000,0.00012,0.0,3.937638461597743e-05,7.410097867333531e-05,0.9744360902255638,7117.872852036494,0.7117872852036494,0.0003802052337566415,4.87250615066883,4.868860613831,1.1247368550742614,0.11454993359192174,0.012711520964359003,0.07096805032660974,0.9981929334694509,0.7106,1.3723200206982104e-05,2.240860143452939e-05,-0.002914083436561299,2.3041145737383338e-05,public_baseline,1.0,1.0,,,public_baseline,2
public_top10000_lam0_t0.00025,public_only,10000,0.00025,0.0,4.313080418345281e-05,8.292543434763427e-05,0.9744360902255638,9363.61339892637,0.936361339892637,0.00039987415129197064,4.870408234526829,4.868860613831,1.1218628760475655,0.11472002817827225,0.01267966166245652,0.06969277609454533,0.9982574127036059,0.7106,1.7477619774457483e-05,3.123305710882835e-05,-0.000816167294560799,3.012800509367607e-05,public_baseline,1.0,1.0,,,public_baseline,2
public_top10000_lam0_t0.0005,public_only,10000,0.0005,0.0,4.468981804098904e-05,8.634643893844774e-05,0.9744360902255638,9852.652329831619,0.9852652329831619,0.00040769209494203966,4.869592067232269,4.868860613831,1.1211574547242011,0.11478931435561127,0.012701151924405699,0.06925817657916516,0.998261514726628,0.7106,1.903663363199371e-05,3.465406169964182e-05,0.0,3.300997425617654e-05,public_baseline,1.0,1.0,,,public_baseline,2
rank_top250_lam1.1,rank,250,0.0,1.1,2.674792689332777e-05,8.121900497676254e-05,0.9909774436090225,210.57494470066837,0.8422997788026735,0.0002405925816284524,4.839864919898932,4.901172318343928,1.323479813423167,0.1228739268909615,0.026753643735317887,0.11747260187947356,0.9887118777052167,0.672,1.0947424843324429e-06,2.9526627737956622e-05,0.029727147333336923,-5.797780944365763e-06,diagnostic_only,1.0,1.0,,,diagnostic_only,3
pareto_top250_lam0.45_t0.00012,pareto,250,0.00012,0.45,2.769574708183283e-05,8.453339271185233e-05,0.9909774436090225,200.19380462560517,0.8007752185024206,0.0002416005620865572,4.81665833295663,4.901172318343928,1.3140579074889438,0.12464290468905921,0.027815660213638512,0.12445553585018315,0.9879995196570232,0.672,2.0425626728375037e-06,3.2841015473046414e-05,0.052933734275638855,-5.047243921339823e-06,diagnostic_only,1.0,1.0,,,diagnostic_only,3
pareto_top500_lam0.2_t0.00012,pareto,500,0.00012,0.2,2.808662376777033e-05,7.574640181671237e-05,0.9909774436090225,451.01856321849687,0.9020371264369937,0.0002618924018910127,4.844059824097608,4.88077139938558,1.2141210004099563,0.1190443631367113,0.02052638075232843,0.10879157056965938,0.9937696455532317,0.6839999999999999,2.433439358775004e-06,2.4054024577906446e-05,0.02553224313466096,-4.71953656921109e-06,diagnostic_only,1.0,1.0,,,diagnostic_only,3
rank_top250_lam1.6,rank,250,0.0,1.6,2.7678090544245097e-05,8.757302834860476e-05,0.9909774436090225,192.1353045535073,0.7685412182140292,0.00024063103146425383,4.8138202903234015,4.901172318343928,1.3188058517002088,0.12525956851641404,0.028223884836843353,0.1252633001197811,0.9876829504130022,0.672,2.0249061352497703e-06,3.5880651109798844e-05,0.05577177690886703,-4.347209201333415e-06,diagnostic_only,1.0,1.0,,,diagnostic_only,3
pareto_top1000_lam0.2_t0.00025,pareto,1000,0.00025,0.2,3.2788400957500104e-05,5.9262517417602764e-05,0.9894736842105262,947.9513004070333,0.9479513004070332,0.0002895421608794744,4.837994989390367,4.877889323310565,1.1514369519832917,0.11794515988905599,0.017373208901706155,0.10848573952206136,0.9958582525005408,0.692,7.135216548504777e-06,7.570140178796844e-06,0.031597077841901466,-3.613038172578487e-06,diagnostic_only,1.0,1.0,,,diagnostic_only,3
rank_top1000_lam0.75,rank,1000,0.0,0.75,3.234361958236332e-05,6.300539497745651e-05,0.9909774436090225,888.295377847866,0.888295377847866,0.00028525922723580824,4.835458861191172,4.877889323310565,1.1524475416142141,0.11813519366761818,0.017687751582726532,0.10383027999589828,0.9956942922420835,0.692,6.690435173367992e-06,1.1313017738650594e-05,0.03413320604109682,-3.5805464683753502e-06,diagnostic_only,1.0,1.0,,,diagnostic_only,3
pareto_top1000_lam0.2_t0.0005,pareto,1000,0.0005,0.2,3.349391109503282e-05,5.886419631716445e-05,0.9894736842105262,960.3348525803931,0.9603348525803931,0.0002918445932431926,4.837223379845576,4.877889323310565,1.1503868334690983,0.11801964759411351,0.017356928749447425,0.10995757527840394,0.9958758719700435,0.692,7.840726686037492e-06,7.171819078358527e-06,0.03236868738669241,-2.8827206449148416e-06,diagnostic_only,1.0,1.0,,,diagnostic_only,3
rank_top1000_lam1.1,rank,1000,0.0,1.1,3.315305499520952e-05,6.58753633097493e-05,0.9894736842105262,848.2730739472712,0.8482730739472713,0.00028546247506145724,4.815490071161754,4.877889323310565,1.1415181376949868,0.11956531749695333,0.01857369190248931,0.11010675060371306,0.9953348519294911,0.692,7.49987058621419e-06,1.4182986070943378e-05,0.05410199607051425,-2.573564896730803e-06,diagnostic_only,1.0,1.0,,,diagnostic_only,3
pareto_top500_lam0.2_t0.00025,pareto,500,0.00025,0.2,2.9890807094865286e-05,7.939456073604563e-05,0.9909774436090225,476.589585922088,0.953179171844176,0.0002662435021516752,4.8416945156153135,4.88077139938558,1.2080596029331687,0.11909539355926929,0.020248220999682473,0.10594187969423507,0.9940121199501436,0.6839999999999999,4.237622685869959e-06,2.7702183497239708e-05,0.027897551616955063,-1.8919545125171822e-06,diagnostic_only,1.0,1.0,,,diagnostic_only,3
pareto_top250_lam0.45_t0.00025,pareto,250,0.00025,0.45,2.9055519881498493e-05,9.108390172776451e-05,0.9909774436090225,208.34703442264365,0.8333881376905746,0.00024485109576147495,4.816168987117962,4.901172318343928,1.3082942933740112,0.12447859864231094,0.027344399796409364,0.11955777884361513,0.9884557822283129,0.672,3.402335472503166e-06,3.9391524488958594e-05,0.05342308011430674,-1.6490409154676715e-06,diagnostic_only,1.0,1.0,,,diagnostic_only,3
rank_top500_lam0.75,rank,500,0.0,0.75,2.972545611673845e-05,8.167296554735251e-05,0.9909774436090225,446.9783495722208,0.8939566991444415,0.0002619509950073999,4.8415361495063305,4.88077139938558,1.2135044398304482,0.11925037869437392,0.020624258223369496,0.10625712106574459,0.9937390236192559,0.6839999999999999,4.072271707743125e-06,2.9980588308546587e-05,0.028055917725938073,-1.563036109730098e-06,diagnostic_only,1.0,1.0,,,diagnostic_only,3
pareto_top1000_lam0.45_t0.00012,pareto,1000,0.00012,0.45,3.365910641540742e-05,6.701209778470102e-05,0.9819548872180449,784.0216098305998,0.7840216098305998,0.0002845133509678994,4.793171030293262,4.877889323310565,1.1313015498608656,0.1212060016442351,0.019698710579171143,0.12133354215608955,0.9947805741841574,0.692,8.005922006412095e-06,1.53197205458951e-05,0.07642103693900637,-1.4499003886807523e-06,diagnostic_only,1.0,1.0,,,diagnostic_only,3
pareto_top500_lam0.45_t0.00012,pareto,500,0.00012,0.45,3.043514350564904e-05,8.531991184422257e-05,0.9909774436090225,403.3052835252415,0.8066105670504831,0.0002626285019811977,4.7981248514460395,4.88077139938558,1.1929166670418034,0.12255327761434348,0.022678473992340718,0.11040194883014254,0.9927590456026263,0.6839999999999999,4.781959096653714e-06,3.3627534605416646e-05,0.07146721578622905,-1.4157838933738295e-06,diagnostic_only,1.0,1.0,,,diagnostic_only,3
rank_top250_lam0.75,rank,250,0.0,0.75,2.632466187569042e-05,7.615709088661595e-05,0.9909774436090225,221.0264423159849,0.8841057692639396,0.0002405775674561435,4.859002459291469,4.901172318343928,1.3303276047074082,0.12137068370718992,0.025939024239035696,0.11640597959460419,0.9892288939318375,0.672,6.714774666950918e-07,2.446471364781003e-05,0.01058960794079944,-1.3484769556098479e-06,diagnostic_only,1.0,1.0,,,diagnostic_only,3
rank_top500_lam1.1,rank,500,0.0,1.1,3.0618222771245336e-05,8.557592232844027e-05,0.9909774436090225,428.5037490740503,0.8570074981481006,0.00026222674924902557,4.821928104644469,4.88077139938558,1.2037585318912851,0.12073495655882963,0.021482498944333298,0.10681717536317359,0.9933570152168185,0.6839999999999999,4.965038362250009e-06,3.388354508963435e-05,0.0476639625877997,-8.842077631898686e-07,diagnostic_only,1.0,1.0,,,diagnostic_only,3
pareto_top500_lam0.2_t0.0005,pareto,500,0.0005,0.2,3.053493386905928e-05,8.053686076237734e-05,0.9849624060150375,480.9947069793435,0.961989413958687,0.00026804181308731997,4.840645216392433,4.88077139938558,1.206537014248424,0.11919467996235605,0.020237368678408668,0.10492721588704612,0.9940427351668188,0.6839999999999999,4.881749460063955e-06,2.884448352357142e-05,0.028946850839835392,-6.923146050406216e-07,diagnostic_only,1.0,1.0,,,diagnostic_only,3
rank_top250_lam2.4,rank,250,0.0,2.4,2.9186119667499835e-05,9.55304047555766e-05,0.9909774436090225,160.8547948547168,0.6434191794188672,0.0002407295869269725,4.776207721577563,4.901172318343928,1.3226623095336822,0.12930881054214427,0.03098369342511192,0.1367141482673176,0.9857604049868551,0.672,3.5329352585045084e-06,4.3838027516770684e-05,0.09338434565470521,-5.0785723107423e-07,diagnostic_only,1.0,1.0,,,diagnostic_only,3
pareto_top250_lam0.2_t0.00012,pareto,250,0.00012,0.2,2.6259219018126295e-05,7.253808950971023e-05,0.9909774436090225,227.8211504118091,0.9112846016472363,0.0002415004071396452,4.8620320275305815,4.901172318343928,1.3274724160790283,0.12095065589673636,0.025662838545566176,0.11625162646672738,0.9894324353585341,0.672,6.060346091309677e-07,2.0845712270904314e-05,0.00756003970168706,-4.781116989993706e-07,diagnostic_only,1.0,1.0,,,diagnostic_only,3
pareto_top250_lam0.75_t0.00012,pareto,250,0.00012,0.75,2.9730977668746777e-05,9.427663621690967e-05,0.9909774436090225,159.97537516455114,0.6399015006582045,0.00024185181378885153,4.769140747219425,4.901172318343928,1.3184520344810617,0.129725869189886,0.03127893090159738,0.13904988481471853,0.9855067031139593,0.672,4.07779325975145e-06,4.258425897810375e-05,0.1004513200128434,-1.1432120526374791e-07,diagnostic_only,1.0,1.0,,,diagnostic_only,3
rank_top1000_lam1.6,rank,1000,0.0,1.6,3.4231647079905213e-05,6.941072998146383e-05,0.9819548872180449,776.6054303204045,0.7766054303204045,0.000285763671548382,4.78841316567215,4.877889323310565,1.1285287178661911,0.121610205553004,0.019881048352665534,0.11832991504192641,0.9947392538524505,0.692,8.578462670909887e-06,1.7718352742657907e-05,0.08117890156011853,-1.113850664463882e-07,diagnostic_only,1.0,1.0,,,diagnostic_only,3
pareto_top250_lam0.45_t0.0005,pareto,250,0.0005,0.45,3.001506003610828e-05,9.362207768364322e-05,0.9909774436090225,209.83869489836917,0.8393547795934767,0.0002462094612807561,4.815971717140625,4.901172318343928,1.307120970384769,0.12450373681111063,0.027239437700887284,0.11751313242357303,0.9885306400105348,0.672,4.361875627112953e-06,4.1929700444837295e-05,0.05362035009164323,2.3012770449708747e-07,diagnostic_only,1.0,1.0,,,diagnostic_only,3
pareto_top1000_lam0.45_t0.00025,pareto,1000,0.00025,0.45,3.5444436960010724e-05,6.85483889697539e-05,0.9759398496240601,835.8601263261311,0.835860126326131,0.00029006379235421714,4.790860944886705,4.877889323310565,1.1267040342633805,0.12134273137603577,0.01952616388331135,0.12561319354000094,0.9949074146605058,0.692,9.791252551015397e-06,1.6856011730947982e-05,0.07873112234556334,1.4927370500075492e-06,diagnostic_only,1.0,1.0,,,diagnostic_only,3
pareto_top500_lam0.45_t0.00025,pareto,500,0.00025,0.45,3.230275943949899e-05,8.833622791710721e-05,0.9849624060150375,421.89810227975084,0.8437962045595017,0.0002669352708642808,4.795280165730828,4.88077139938558,1.1871069735089996,0.12272065906189238,0.02253218736495131,0.10766660848484266,0.9929588427502272,0.6839999999999999,6.649575030503662e-06,3.6643850678301294e-05,0.0743119015014404,2.000956621004841e-06,diagnostic_only,1.0,1.0,,,diagnostic_only,3
rank_top500_lam1.6,rank,500,0.0,1.6,3.2096184828176844e-05,9.039916334784659e-05,0.9909774436090225,394.4975630594554,0.7889951261189108,0.00026264903625369606,4.79525736741406,4.88077139938558,1.1933470906535635,0.12284165876140768,0.022841840424948433,0.10749693944358618,0.9926727484428313,0.6839999999999999,6.443000419181517e-06,3.870678610904067e-05,0.07433469981820817,2.0075015514616813e-06,diagnostic_only,1.0,1.0,,,diagnostic_only,3
pareto_top1000_lam0.45_t0.0005,pareto,1000,0.0005,0.45,3.618472761090161e-05,7.016521430213076e-05,0.9759398496240601,843.7965825409381,0.843796582540938,0.00029231792034013857,4.789945151966625,4.877889323310565,1.1256884072935596,0.12142217791787198,0.01952065803196214,0.1276030286867333,0.9949304236411399,0.692,1.0531543201906281e-05,1.847283706332484e-05,0.07964691526564316,2.8583221070060835e-06,diagnostic_only,1.0,1.0,,,diagnostic_only,3
pareto_top2500_lam0.2_t0.00012,pareto,2500,0.00012,0.2,3.607106064523902e-05,6.652514616273673e-05,0.9759398496240601,2086.3184791546682,0.8345273916618673,0.00031718278806514645,4.837758892328301,4.876524890212045,1.1207674857448502,0.11726395602904527,0.01556674940634989,0.08236491215383385,0.9970097508446912,0.6948,1.0417876236243694e-05,1.483276892393081e-05,0.03183317490396753,2.9840669959524028e-06,diagnostic_only,1.0,1.0,,,diagnostic_only,3
pareto_top250_lam0.2_t0.00025,pareto,250,0.00025,0.2,2.7659081310615204e-05,7.969664487768161e-05,0.9909774436090225,238.0730386940478,0.9522921547761912,0.0002447594211503063,4.8618635085489785,4.901172318343928,1.3217696818854336,0.12069235173792114,0.0251466537611938,0.11196194581682195,0.9898893315967409,0.672,2.0058969016198767e-06,2.8004267638875693e-05,0.007728558683290032,3.021763315064852e-06,diagnostic_only,1.0,1.0,,,diagnostic_only,3
pareto_top500_lam0.45_t0.0005,pareto,500,0.0005,0.45,3.299884904460308e-05,8.922332313786205e-05,0.9849624060150375,424.1458476333795,0.848291695266759,0.00026871097397173727,4.794039640036061,4.88077139938558,1.185735963627082,0.12285595006973275,0.022552791478896255,0.10670424041447024,0.9929848924416481,0.6839999999999999,7.345664635607755e-06,3.7530945899056125e-05,0.07555242719620736,3.125575539214482e-06,diagnostic_only,1.0,1.0,,,diagnostic_only,3
pareto_top250_lam0.75_t0.00025,pareto,250,0.00025,0.75,3.138878815136959e-05,0.0001002829588811429,0.9909774436090225,165.12676560133042,0.6605070624053216,0.0002450468346937444,4.7683521318380855,4.901172318343928,1.312903112900652,0.12958295154368102,0.03088842640187071,0.13452197950150585,0.9858779132547125,0.672,5.735603742374266e-06,4.859058164233698e-05,0.10123993539418308,3.542314371009794e-06,diagnostic_only,1.0,1.0,,,diagnostic_only,3
pareto_top500_lam0.75_t0.00012,pareto,500,0.00012,0.75,3.3147915248340264e-05,9.340136524472691e-05,0.9849624060150375,330.968670158058,0.661937340316116,0.0002636572871558549,4.750787114441727,4.88077139938558,1.18181712410738,0.1266424222291082,0.02556939350871245,0.11207414763813206,0.9911149952564761,0.6839999999999999,7.494730839344937e-06,4.1708988005920995e-05,0.11880495279054148,4.3483872937811026e-06,diagnostic_only,1.0,1.0,,,diagnostic_only,3
pareto_top250_lam0.2_t0.0005,pareto,250,0.0005,0.2,2.825909073770321e-05,8.243185846887502e-05,0.9909774436090225,240.06627605480068,0.9602651042192027,0.00024612137904532017,4.861776683224129,4.901172318343928,1.3205710051906734,0.1206713348854317,0.025034949008941088,0.11021464975055129,0.9899489231562065,0.672,2.605906328707884e-06,3.07394812300691e-05,0.007815384008139858,4.429382115561642e-06,diagnostic_only,1.0,1.0,,,diagnostic_only,3
rank_top1000_lam2.4,rank,1000,0.0,2.4,3.636700872061451e-05,7.67366622562426e-05,0.9759398496240601,653.3723784499388,0.6533723784499388,0.00028625637560851335,4.749483849148145,4.877889323310565,1.1140414594432069,0.12476157940419633,0.02199770084378588,0.12951386425574413,0.9936997387382789,0.692,1.071382431161918e-05,2.5044285017436674e-05,0.12010821808412331,4.727909934470695e-06,diagnostic_only,1.0,1.0,,,diagnostic_only,3
pareto_top250_lam0.75_t0.0005,pareto,250,0.0005,0.75,3.22816820110307e-05,0.00010261921845545217,0.9909774436090225,165.95107231802868,0.6638042892721148,0.0002463834182016485,4.76806029502997,4.901172318343928,1.3118586261506913,0.12958430696731285,0.030819516550370615,0.1325656176402063,0.9859522515644089,0.672,6.62849760203537e-06,5.0926841216646254e-05,0.10153177220229814,5.2871066793886085e-06,diagnostic_only,1.0,1.0,,,diagnostic_only,3
pareto_top250_lam1.1_t0.00012,pareto,250,0.00012,1.1,3.218899648358411e-05,0.00010074765087866472,0.9759398496240601,118.66062992409542,0.47464251969638166,0.0002422821091320823,4.723799626608461,4.901172318343928,1.346295414850212,0.13583895395527115,0.036013544296601,0.15401295511054597,0.9813027642235574,0.672,6.535812074588782e-06,4.9055273639858796e-05,0.1457924406238078,5.299072818367433e-06,diagnostic_only,1.0,1.0,,,diagnostic_only,3
pareto_top1000_lam0.75_t0.00012,pareto,1000,0.00012,0.75,3.709047715161322e-05,7.642903914833401e-05,0.9759398496240601,636.5965169189692,0.6365965169189692,0.0002854121833541144,4.744357424137661,4.877889323310565,1.1125760042374078,0.12520011630667927,0.02234738810222675,0.13744703701411615,0.9934968203974889,0.692,1.1437292742617896e-05,2.473666190952809e-05,0.12523464309460763,5.591439982954671e-06,diagnostic_only,1.0,1.0,,,diagnostic_only,3
rank_top2500_lam0.75,rank,2500,0.0,0.75,3.7991450249597394e-05,7.026729074445275e-05,0.9759398496240601,2214.0877672221773,0.8856351068888709,0.0003216310144699873,4.832935671745671,4.876524890212045,1.1165238372918165,0.11763627293379224,0.015697267267127505,0.08382752574050506,0.9969947197891126,0.6948,1.2338265840602067e-05,1.8574913505646827e-05,0.03665639548659794,5.970640735489285e-06,diagnostic_only,1.0,1.0,,,diagnostic_only,3
pareto_top2500_lam0.2_t0.00025,pareto,2500,0.00025,0.2,3.77614348120568e-05,7.044571410895416e-05,0.9759398496240601,2345.7052275390056,0.9382820910156022,0.000325746061728672,4.836257713791725,4.876524890212045,1.1175921175462735,0.11741569802453035,0.015532127647997442,0.07972295396335899,0.9970863637744815,0.6948,1.2108250403061475e-05,1.875333687014824e-05,0.033334353440543474,6.000998567678429e-06,diagnostic_only,1.0,1.0,,,diagnostic_only,3
rank_top500_lam2.4,rank,500,0.0,2.4,3.435312675899825e-05,9.633337971032362e-05,0.9909774436090225,334.30349137932654,0.668606982758653,0.00026336826032089775,4.756727515267592,4.88077139938558,1.1848560160463455,0.12615158108310023,0.025192165451615543,0.108240544255782,0.9913130459059415,0.6839999999999999,8.699942350002924e-06,4.46410024715177e-05,0.11286455196467671,6.407732892096715e-06,diagnostic_only,1.0,1.0,,,diagnostic_only,3
pareto_top2500_lam0.2_t0.0005,pareto,2500,0.0005,0.2,3.834497681104157e-05,7.187459438428841e-05,0.9759398496240601,2395.2100487612074,0.958084019504483,0.0003291934501537752,4.835698575482867,4.876524890212045,1.1169274483720302,0.11749187078327872,0.015564804421294485,0.07843542496617645,0.9970897515276606,0.6948,1.2691792402046242e-05,2.0182217145482487e-05,0.03389349174940115,7.0624689187199745e-06,diagnostic_only,1.0,1.0,,,diagnostic_only,3
pareto_top500_lam0.75_t0.00025,pareto,500,0.00025,0.75,3.4804893301938233e-05,9.573811281253092e-05,0.9849624060150375,341.6296905522457,0.6832593811044914,0.0002678780162493104,4.7476422147310995,4.88077139938558,1.1765840336736129,0.12690744261396256,0.025490348267665025,0.10966879448654654,0.9912452728218833,0.6839999999999999,9.151708892942907e-06,4.4045735573725e-05,0.12194985250116908,7.0865896039487766e-06,diagnostic_only,1.0,1.0,,,diagnostic_only,3
pareto_top500_lam0.75_t0.0005,pareto,500,0.0005,0.75,3.5400569065707764e-05,9.636053367085666e-05,0.9849624060150375,341.84815590074845,0.6836963118014969,0.00026961514740546025,4.7462925241045255,4.88077139938558,1.1755305890036412,0.12708295217636117,0.025546426856584703,0.10884920164721035,0.9912303268282238,0.6839999999999999,9.747384656712437e-06,4.466815643205074e-05,0.12329954312774305,8.01655416190572e-06,diagnostic_only,1.0,1.0,,,diagnostic_only,3
pareto_top5000_lam0.2_t0.00012,pareto,5000,0.00012,0.2,3.909231944576935e-05,7.167895391900183e-05,0.9744360902255638,3878.108139619738,0.7756216279239475,0.00034689586053379044,4.835856660944069,4.875371477529773,1.106713362509662,0.11723741631582721,0.014809213579752026,0.08578230478964372,0.9974483921107319,0.7020000000000001,1.343913503677402e-05,1.9986576680195907e-05,0.0337354062881996,8.060335749253231e-06,diagnostic_only,1.0,1.0,,,diagnostic_only,3
rank_top2500_lam1.1,rank,2500,0.0,1.1,3.9876753706006e-05,7.415284051889712e-05,0.9759398496240601,2110.9924015494416,0.8443969606197766,0.0003217620581326415,4.812945766703902,4.876524890212045,1.1046796683798115,0.11904659715876917,0.016601322634544963,0.08982188557581922,0.9966946942772374,0.6948,1.4223569297010676e-05,2.2460463280091202e-05,0.05664630052836639,8.748074298996978e-06,diagnostic_only,1.0,1.0,,,diagnostic_only,3
pareto_top1000_lam0.75_t0.00025,pareto,1000,0.00025,0.75,3.857209983289854e-05,8.154497362188547e-05,0.9759398496240601,667.3384841982065,0.6673384841982065,0.0002907975772216847,4.741668160851365,4.877889323310565,1.1081415058987818,0.12536919914506592,0.022251826617720082,0.1431608857332119,0.9935986971598348,0.692,1.2918915423903216e-05,2.985259638307955e-05,0.12792390638090367,8.796507336158922e-06,diagnostic_only,1.0,1.0,,,diagnostic_only,3
pareto_top250_lam1.1_t0.00025,pareto,250,0.00025,1.1,3.382436005630292e-05,0.0001062957402510964,0.9759398496240601,121.16879423792435,0.4846751769516974,0.0002453575984274201,4.722771180971213,4.901172318343928,1.3414325991944112,0.13571893712713054,0.03580021302102736,0.14999917070290975,0.9815456444985388,0.672,8.171175647307595e-06,5.4603363012290474e-05,0.1468208862610556,8.812066439930448e-06,diagnostic_only,1.0,1.0,,,diagnostic_only,3
pareto_top2500_lam0.45_t0.00012,pareto,2500,0.00012,0.45,4.0464724248894057e-05,7.553107085545092e-05,0.9759398496240601,1856.9100816395514,0.7427640326558206,0.0003176871406388739,4.791117049164373,4.876524890212045,1.0935578756003281,0.12061581487206577,0.017659329927812738,0.0963575042592823,0.9962927450874322,0.6948,1.481153983989873e-05,2.3838693616645e-05,0.0784750180678957,9.7650771573645e-06,diagnostic_only,1.0,1.0,,,diagnostic_only,3
pareto_top1000_lam0.75_t0.0005,pareto,1000,0.0005,0.75,3.9196072129611334e-05,8.352977248698404e-05,0.9759398496240601,669.888495716489,0.669888495716489,0.00029298216851644885,4.74060362651548,4.877889323310565,1.1072467728144797,0.12546179821601977,0.022269171851504878,0.14578425032208003,0.9936020826774212,0.692,1.3542887720616007e-05,3.183739524817812e-05,0.12898844071678894,1.0103862610578975e-05,diagnostic_only,1.0,1.0,,,diagnostic_only,3
pareto_top250_lam1.1_t0.0005,pareto,250,0.0005,1.1,3.460340278263205e-05,0.00010849260880437409,0.9759398496240601,121.44985984412294,0.4857994393764918,0.0002466476101338248,4.72240907649924,4.901172318343928,1.3406640024397443,0.13575115517413586,0.035788582835749885,0.1481808475214968,0.9815554249122964,0.672,8.950218373636723e-06,5.680023156556817e-05,0.14718299073302887,1.0374038673974651e-05,diagnostic_only,1.0,1.0,,,diagnostic_only,3
pareto_top500_lam1.1_t0.00012,pareto,500,0.00012,1.1,3.649848884902775e-05,9.930197011131757e-05,0.9759398496240601,254.16791167853629,0.5083358233570726,0.00026494918916384404,4.706234037406091,4.88077139938558,1.1850099659161222,0.1311275866390701,0.02904379722016284,0.12148599738655641,0.9887698289075312,0.6839999999999999,1.084530444003242e-05,4.7609592872511655e-05,0.16335802982617764,1.053998113698673e-05,diagnostic_only,1.0,1.0,,,diagnostic_only,3
rank_top5000_lam0.75,rank,5000,0.0,0.75,4.150671582198945e-05,7.578852291396586e-05,0.9744360902255638,4420.770630957231,0.8841541261914463,0.0003563284417053166,4.830808751604234,4.875371477529773,1.1020700292766692,0.11768577151276202,0.014976657888992983,0.08603717095885338,0.9974447871651813,0.7020000000000001,1.5853531412994124e-05,2.4096145675159938e-05,0.03878331562803439,1.1840445306976428e-05,diagnostic_only,1.0,1.0,,,diagnostic_only,3
pareto_top250_lam1.6_t0.00012,pareto,250,0.00012,1.6,3.683471312115171e-05,0.00010380583090353043,0.9729323308270676,76.29314334768384,0.30517257339073534,0.00024305428003099357,4.674572248355172,4.901172318343928,1.4174535119958485,0.14562895494020706,0.04391858359050816,0.17731331799121242,0.9728803367338257,0.672,1.1181528712156382e-05,5.211345366472451e-05,0.19501981887709618,1.2223336329344713e-05,diagnostic_only,1.0,1.0,,,diagnostic_only,3
pareto_top5000_lam0.2_t0.00025,pareto,5000,0.00025,0.2,4.169612474384209e-05,7.540878750171566e-05,0.9744360902255638,4622.629655558212,0.9245259311116424,0.00035965171542938403,4.834681955790911,4.875371477529773,1.1039902008790896,0.11739612684426794,0.014756296441161873,0.08489201048641176,0.997529039892623,0.7020000000000001,1.6042940334846762e-05,2.371641026290974e-05,0.03491011144135747,1.227083238619836e-05,diagnostic_only,1.0,1.0,,,diagnostic_only,3
pareto_top500_lam1.1_t0.00025,pareto,500,0.00025,1.1,3.7935484522074773e-05,0.00010108065644747789,0.9729323308270676,258.6314669048013,0.5172629338096026,0.00026903521552035285,4.70299652716818,4.88077139938558,1.180751853652761,0.13151929353793093,0.0290455186332342,0.12217915781718347,0.9888153520531631,0.6839999999999999,1.2282300113079447e-05,4.938827920867197e-05,0.1665955400640886,1.2973047180482326e-05,diagnostic_only,1.0,1.0,,,diagnostic_only,3
pareto_top2500_lam0.45_t0.00025,pareto,2500,0.00025,0.45,4.229765108678318e-05,7.95635441279889e-05,0.9744360902255638,2068.254737175343,0.8273018948701372,0.00032612187944684105,4.789401974095453,4.876524890212045,1.0902910416353242,0.12079595507663556,0.01766186705081382,0.0940278886621953,0.996367889169843,0.6948,1.6644466677787853e-05,2.7871166889182986e-05,0.08019009313681558,1.32143046423039e-05,diagnostic_only,1.0,1.0,,,diagnostic_only,3
rank_top2500_lam1.6,rank,2500,0.0,1.6,4.2409506586510174e-05,7.959836791380605e-05,0.9744360902255638,1928.188142757451,0.7712752571029804,0.0003219508833899333,4.785856332692788,4.876524890212045,1.0895815973940435,0.12102199799613451,0.017874102992158282,0.09776915136527903,0.996231888680524,0.6948,1.6756322177514847e-05,2.7905990675000128e-05,0.08373573453948069,1.3365476680467903e-05,diagnostic_only,1.0,1.0,,,diagnostic_only,3
pareto_top500_lam1.1_t0.0005,pareto,500,0.0005,1.1,3.849440265118655e-05,9.981625619702156e-05,0.9729323308270676,257.594494585706,0.515188989171412,0.00027071617738419,4.701626621896384,4.88077139938558,1.1801957393349205,0.13173855892228123,0.029139120507438762,0.12368255139117379,0.9887845241219712,0.6839999999999999,1.2841218242191223e-05,4.812387895821564e-05,0.1679654453358843,1.3383540462226798e-05,diagnostic_only,1.0,1.0,,,diagnostic_only,3
pareto_top5000_lam0.2_t0.0005,pareto,5000,0.0005,0.2,4.2753404559672284e-05,7.672173926152397e-05,0.9744360902255638,4773.226075257932,0.9546452150515865,0.00036476844437012546,4.834322529639561,4.875371477529773,1.1034420273521879,0.11746048168830364,0.0147584763448108,0.08455207536779191,0.9975459293983925,0.7020000000000001,1.7100220150676957e-05,2.502936202271805e-05,0.03526953759270768,1.3943110847845648e-05,diagnostic_only,1.0,1.0,,,diagnostic_only,3
pareto_top250_lam1.6_t0.00025,pareto,250,0.00025,1.6,3.737832799637361e-05,0.00010916442025405844,0.9729323308270676,76.98594207856621,0.30794376831426484,0.00024588979786728293,4.673372664791392,4.901172318343928,1.41416411796448,0.14554221218484806,0.043827995856506506,0.1735257159558179,0.9729502819181117,0.672,1.1725143587378285e-05,5.747204301525252e-05,0.19621940244087632,1.4269682993263523e-05,diagnostic_only,1.0,1.0,,,diagnostic_only,3
pareto_top2500_lam0.45_t0.0005,pareto,2500,0.0005,0.45,4.2948315690086346e-05,8.102252030252578e-05,0.9744360902255638,2106.688856424928,0.8426755425699712,0.0003295204952419122,4.78877119522232,4.876524890212045,1.089615699983489,0.12088500641479655,0.01769603803336182,0.09283708983764155,0.9963765611910341,0.6948,1.729513128109102e-05,2.933014306371986e-05,0.08082087200994881,1.4424309437920823e-05,diagnostic_only,1.0,1.0,,,diagnostic_only,3
pareto_top1000_lam1.1_t0.00012,pareto,1000,0.00012,1.1,4.1827244502980895e-05,9.006758947176009e-05,0.9744360902255638,474.6230080017521,0.4746230080017521,0.0002866266270746302,4.697021363609835,4.877889323310565,1.1042501761746353,0.12970305714188327,0.025492193496811394,0.15313637241947747,0.9917916838653494,0.692,1.617406009398557e-05,3.837521223295417e-05,0.17257070362243354,1.5218917250535292e-05,diagnostic_only,1.0,1.0,,,diagnostic_only,3
pareto_top250_lam1.6_t0.0005,pareto,250,0.0005,1.6,3.781540413312816e-05,0.00011138331638621877,0.9729323308270676,76.96421323719494,0.30785685294877974,0.0002470864243764022,4.672964309222344,4.901172318343928,1.4139399996722155,0.1455986634075038,0.04385823417330146,0.17259556342033727,0.9729145010088059,0.672,1.2162219724132836e-05,5.9690939147412845e-05,0.1966277580099245,1.539260600047358e-05,diagnostic_only,1.0,1.0,,,diagnostic_only,3
rank_top5000_lam1.1,rank,5000,0.0,1.1,4.419618702740389e-05,7.981653512125661e-05,0.9744360902255638,4211.186798203609,0.8422373596407219,0.0003564120016606911,4.810782268626633,4.875371477529773,1.0898556452759465,0.11915605862548972,0.01588436952208642,0.0919725803721489,0.9971552562991421,0.7020000000000001,1.854300261840856e-05,2.8124157882450695e-05,0.058809798605635955,1.58193062128765e-05,diagnostic_only,1.0,1.0,,,diagnostic_only,3
pareto_top500_lam1.6_t0.00012,pareto,500,0.00012,1.6,4.032127017704699e-05,0.00010414027181182579,0.9729323308270676,171.78894914414138,0.3435778982882828,0.0002668084925061501,4.658457694323628,4.88077139938558,1.2123730363956682,0.13729771432964932,0.034030262004888456,0.14293466794157506,0.9845345731680476,0.6839999999999999,1.4668085768051663e-05,5.244789457301987e-05,0.21113437290864034,1.6839470647644453e-05,diagnostic_only,1.0,1.0,,,diagnostic_only,3
pareto_top5000_lam0.45_t0.00012,pareto,5000,0.00012,0.45,4.519770890882655e-05,8.105987803120991e-05,0.9744360902255638,3448.6868095948366,0.6897373619189673,0.00034732635610663486,4.789074594974932,4.875371477529773,1.078478035553068,0.12068192293768756,0.016923644942247785,0.09945122076881702,0.9967830826161277,0.7020000000000001,1.9544524499831226e-05,2.936750079240399e-05,0.08051747225733674,1.7358145460385794e-05,diagnostic_only,1.0,1.0,,,diagnostic_only,3
pareto_top500_lam1.6_t0.00025,pareto,500,0.00025,1.6,4.150861574604859e-05,0.0001012419318148803,0.9729323308270676,172.0163556801043,0.34403271136020863,0.0002706668334785468,4.655327993972764,4.88077139938558,1.209904652666693,0.13785113294451332,0.03413471961875558,0.14299214368171265,0.9844945649261435,0.6839999999999999,1.585543133705326e-05,4.954955457607438e-05,0.21426407325950425,1.765843488265277e-05,diagnostic_only,1.0,1.0,,,diagnostic_only,3
pareto_top500_lam1.6_t0.0005,pareto,500,0.0005,1.6,4.198068737481511e-05,9.939746141422769e-05,0.9729323308270676,170.4540403188611,0.3409080806377222,0.00027225730094328926,4.654020340757963,4.88077139938558,1.210209810995772,0.13817462827746688,0.034269689236129684,0.1445457976903598,0.9843650352201943,0.6839999999999999,1.6327502965819782e-05,4.770508417542177e-05,0.21557172647430534,1.7811010398065726e-05,diagnostic_only,1.0,1.0,,,diagnostic_only,3
pareto_top10000_lam0.2_t0.00012,pareto,10000,0.00012,0.2,4.51051242335211e-05,8.274706882482973e-05,0.9744360902255638,6933.413659308404,0.6933413659308404,0.00038072392654158165,4.831406492972196,4.868860613831,1.0984293046424638,0.11746568751860695,0.014510933232634023,0.08312995067619483,0.9977117182522957,0.7106,1.945193982452577e-05,3.105469158602381e-05,0.03818557426007274,1.8294657783513454e-05,diagnostic_only,1.0,1.0,,,diagnostic_only,3
pareto_top2500_lam0.75_t0.00012,pareto,2500,0.00012,0.75,4.500738478732998e-05,8.584432633937433e-05,0.9744360902255638,1504.0338272212673,0.6016135308885069,0.0003183657716200782,4.742628720661768,4.876524890212045,1.0690283400629066,0.12436517673786607,0.019990264376784965,0.11053813490209735,0.9953914818306008,0.6948,1.9354200378334654e-05,3.415194910056841e-05,0.12696334657050024,1.8297374746255076e-05,diagnostic_only,1.0,1.0,,,diagnostic_only,3
pareto_top1000_lam1.1_t0.00025,pareto,1000,0.00025,1.1,4.390684871910045e-05,9.606591761093383e-05,0.9744360902255638,485.1253174769795,0.4851253174769795,0.00029179245868007474,4.693900397878499,4.877889323310565,1.1004277505439564,0.12992775651734825,0.025458642727373585,0.1605957544896473,0.9918344103511861,0.692,1.825366431010512e-05,4.4373540372127914e-05,0.17569166935376934,1.9421984508800268e-05,diagnostic_only,1.0,1.0,,,diagnostic_only,3
rank_top2500_lam2.4,rank,2500,0.0,2.4,4.6001472662391284e-05,8.781180386899688e-05,0.9744360902255638,1616.3949856775923,0.6465579942710369,0.0003222482028012101,4.746928929251895,4.876524890212045,1.0700531481322402,0.12399256895660543,0.019771451920769144,0.10876862302839668,0.9955106890953046,0.6948,2.0348288253395958e-05,3.6119426630190964e-05,0.12266313798037398,2.008160772658968e-05,diagnostic_only,1.0,1.0,,,diagnostic_only,3
pareto_top1000_lam1.1_t0.0005,pareto,1000,0.0005,1.1,4.485545537720294e-05,9.84722078560702e-05,0.9744360902255638,482.57917805945567,0.48257917805945566,0.0002938871632352374,4.692651951175893,4.877889323310565,1.0998762752022657,0.13007016967748775,0.02550447538206493,0.16397117893416652,0.9918152078387379,0.692,1.9202270968207616e-05,4.6779830617264274e-05,0.17694011605637527,2.1256745643114294e-05,diagnostic_only,1.0,1.0,,,diagnostic_only,3
pareto_top2500_lam0.75_t0.00025,pareto,2500,0.00025,0.75,4.704042588543414e-05,8.994505912825697e-05,0.9744360902255638,1652.8201321373867,0.6611280528549547,0.0003266171430927752,4.740765491178492,4.876524890212045,1.0655878131824716,0.12453009201377198,0.01997819721242499,0.10873072257033206,0.9954777475058998,0.6948,2.1387241476438814e-05,3.825268188945105e-05,0.12882657605377634,2.1965495753723762e-05,diagnostic_only,1.0,1.0,,,diagnostic_only,3
rank_top5000_lam1.6,rank,5000,0.0,1.6,4.795056977056882e-05,8.527689758075499e-05,0.9714285714285714,3841.9185296866012,0.7683837059373202,0.0003565269388234391,4.7836724588103845,4.875371477529773,1.0739268817643635,0.1211625731093761,0.017131238357852116,0.09984627399543228,0.9967598699015165,0.7020000000000001,2.2297385361573493e-05,3.358452034194907e-05,0.08591960842188406,2.210743363837999e-05,diagnostic_only,1.0,1.0,,,diagnostic_only,3
pareto_top5000_lam0.45_t0.00025,pareto,5000,0.00025,0.45,4.8277123475023824e-05,8.494825365843261e-05,0.9714285714285714,4071.0250578183086,0.8142050115636618,0.0003599091112664855,4.7877443539177325,4.875371477529773,1.0756488213850608,0.12087674889673798,0.01687192660099965,0.09873647141798597,0.9968598030225555,0.7020000000000001,2.2623939066028497e-05,3.325587641962669e-05,0.08184771331453611,2.2452589465570554e-05,diagnostic_only,1.0,1.0,,,diagnostic_only,3
pareto_top2500_lam0.75_t0.0005,pareto,2500,0.0005,0.75,4.794851483767371e-05,9.141083781891576e-05,0.9744360902255638,1677.839941022181,0.6711359764088723,0.00032994846886094534,4.74009017359405,4.876524890212045,1.0648986431926437,0.12461072673857744,0.020008194961068825,0.10771848548898127,0.9954918985965087,0.6948,2.2295330428678382e-05,3.971846058010984e-05,0.12950189363821885,2.3512451084885676e-05,diagnostic_only,1.0,1.0,,,diagnostic_only,3
pareto_top500_lam2.4_t0.0005,pareto,500,0.0005,2.4,4.676358543433228e-05,9.86396451380524e-05,0.9684210526315788,89.3445956146807,0.1786891912293614,0.00027451190241418246,4.602030773453506,4.88077139938558,1.3012457143155645,0.14959119291589829,0.04356932232525581,0.18898958785203618,0.9742297258928672,0.6839999999999999,2.111040102533695e-05,4.694726789924648e-05,0.2675612937787628,2.401977492125526e-05,diagnostic_only,1.0,1.0,,,diagnostic_only,3
pareto_top500_lam2.4_t0.00025,pareto,500,0.00025,2.4,4.66820796194466e-05,0.0001000498648854308,0.9684210526315788,90.71651999366773,0.18143303998733545,0.0002730655571009441,4.60318483513967,4.88077139938558,1.2993229877843673,0.14901836312692707,0.04336489331925957,0.1910507194313315,0.9744878247307911,0.6839999999999999,2.1028895210451273e-05,4.835748764662488e-05,0.26640723209259853,2.4266372298757288e-05,diagnostic_only,1.0,1.0,,,diagnostic_only,3
pareto_top5000_lam0.45_t0.0005,pareto,5000,0.0005,0.45,4.9493835790213794e-05,8.631925123335096e-05,0.9714285714285714,4194.7316845941305,0.8389463369188261,0.0003649615328210022,4.78734027267456,4.875371477529773,1.075086910508118,0.12095099124044158,0.01687740378403946,0.09844527681489362,0.996872751718282,0.7020000000000001,2.3840651381218467e-05,3.462687399454504e-05,0.08225179455770881,2.4376733732922265e-05,diagnostic_only,1.0,1.0,,,diagnostic_only,3
pareto_top500_lam2.4_t0.00012,pareto,500,0.00012,2.4,4.6390592683144026e-05,0.00010296891958594714,0.9684210526315788,92.24361286541739,0.1844872257308348,0.00026958090517971233,4.60595998518343,4.88077139938558,1.2983712085422903,0.1479384035718833,0.043058172981695765,0.19536111223772462,0.9747912093697286,0.6839999999999999,2.07374082741487e-05,5.127654234714122e-05,0.26363208204883826,2.461720295671886e-05,diagnostic_only,1.0,1.0,,,diagnostic_only,3
pareto_top10000_lam0.2_t0.00025,pareto,10000,0.00025,0.2,4.9247883685869974e-05,9.177238992249729e-05,0.9714285714285714,9052.998766925859,0.9052998766925859,0.00040027556010205974,4.829304734795675,4.868860613831,1.095697719788469,0.11766743155082668,0.014503350607068116,0.08173843603433545,0.9977738128497047,0.7106,2.3594699276874647e-05,4.0080012683691366e-05,0.04028733243659399,2.5936818190805482e-05,diagnostic_only,1.0,1.0,,,diagnostic_only,3
rank_top10000_lam0.75,rank,10000,0.0,0.75,4.941812526781117e-05,9.190300009984283e-05,0.9714285714285714,8856.391798200957,0.8856391798200957,0.0003989678613683991,4.8258676465131485,4.868860613831,1.0936314068157054,0.11794532779814978,0.014690140738586046,0.08273247346982598,0.9977226316039389,0.7106,2.3764940858815846e-05,4.021062286103691e-05,0.04372442071912008,2.604010751334333e-05,diagnostic_only,1.0,1.0,,,diagnostic_only,3
pareto_top2500_lam1.1_t0.00012,pareto,2500,0.00012,1.1,5.036125203974053e-05,9.690026641083694e-05,0.9714285714285714,1116.6483821769045,0.4466593528707618,0.00031922463419464364,4.695728173872146,4.876524890212045,1.0505469448631002,0.12829503416563506,0.02243169704891304,0.1242639278132181,0.9942946312453231,0.6948,2.4708067630745206e-05,4.520788917203102e-05,0.17386389336012265,2.8141596918464097e-05,diagnostic_only,1.0,1.0,,,diagnostic_only,3
pareto_top5000_lam0.75_t0.00012,pareto,5000,0.00012,0.75,5.1735404873634075e-05,9.098797136171506e-05,0.9714285714285714,2788.1697936846986,0.5576339587369397,0.0003479043378172094,4.740425902142361,4.875371477529773,1.0515699286763123,0.12442762281371811,0.019204310987117713,0.11297023396275424,0.9959924441666734,0.7020000000000001,2.6082220464638748e-05,3.929559412290914e-05,0.12916616508990764,2.844999470266294e-05,diagnostic_only,1.0,1.0,,,diagnostic_only,3
pareto_top250_lam2.4_t0.00012,pareto,250,0.00012,2.4,4.829301765086301e-05,0.00010790350171539114,0.9624060150375938,38.880832755291955,0.15552333102116783,0.00024437966113848464,4.620128798371473,4.901172318343928,1.585749609728137,0.16564306794598918,0.059270221579859284,0.24854808795309097,0.9527287637189866,0.672,2.2639833241867683e-05,5.621112447658522e-05,0.2494632688607954,2.8564602451206956e-05,diagnostic_only,1.0,1.0,,,diagnostic_only,3
pareto_top10000_lam0.2_t0.0005,pareto,10000,0.0005,0.2,5.089525341902138e-05,9.521290767131701e-05,0.9714285714285714,9505.799723612954,0.9505799723612954,0.0004080474947781953,4.828520974169467,4.868860613831,1.0950647603351968,0.11774675321885249,0.014524524752821346,0.08121828185182228,0.997782234088016,0.7106,2.524206901002605e-05,4.352053043251109e-05,0.041071093062801545,2.889962459912157e-05,diagnostic_only,1.0,1.0,,,diagnostic_only,3
pareto_top10000_lam0.45_t0.00012,pareto,10000,0.00012,0.45,5.184141769163783e-05,9.238458830106313e-05,0.9714285714285714,6178.9975988753695,0.617899759887537,0.0003813860741261801,4.784567688571336,4.868860613831,1.0698313412651992,0.12090575165480057,0.01662607709749237,0.09649310428280983,0.9970711107803029,0.7106,2.6188233282642502e-05,4.0692211062257206e-05,0.0850243786609326,2.8942979847199054e-05,diagnostic_only,1.0,1.0,,,diagnostic_only,3
pareto_top250_lam2.4_t0.00025,pareto,250,0.00025,2.4,4.858872082599431e-05,0.00011188283347288568,0.9624060150375938,39.03602001300863,0.15614408005203453,0.000246773217259037,4.6190013404077455,4.901172318343928,1.5848267911002385,0.16556198947876857,0.05919698404188054,0.2501056975683568,0.9528046335769912,0.672,2.293553641699898e-05,6.0190456234079756e-05,0.2505907268245231,2.9943849518204407e-05,diagnostic_only,1.0,1.0,,,diagnostic_only,3
pareto_top1000_lam1.6_t0.00012,pareto,1000,0.00012,1.6,4.9769729270892404e-05,0.00010878578849609877,0.9714285714285714,291.9093360317802,0.2919093360317802,0.0002886811154163572,4.642924590144348,4.877889323310565,1.1153316149525119,0.13635823174138784,0.030037148125701105,0.1736824381985766,0.9886387952234019,0.692,2.4116544861897077e-05,5.709341125729285e-05,0.22666747708792023,3.0343997000639498e-05,diagnostic_only,1.0,1.0,,,diagnostic_only,3
rank_top10000_lam1.1,rank,10000,0.0,1.1,5.2346354430979605e-05,9.596984231939367e-05,0.9714285714285714,8441.956235189027,0.8441956235189028,0.000399132513727522,4.805917601223296,4.868860613831,1.0813669422422245,0.11940868373498031,0.015595956977177472,0.0884979626757097,0.9974705654239548,0.7106,2.6693170021984278e-05,4.4277465080587746e-05,0.06367446600897253,3.0541031015942464e-05,diagnostic_only,1.0,1.0,,,diagnostic_only,3
pareto_top250_lam2.4_t0.0005,pareto,250,0.0005,2.4,4.868800749895652e-05,0.00011511958061687891,0.9624060150375938,39.03306816316593,0.15613227265266372,0.0002477976239821459,4.618630428342006,4.901172318343928,1.5853002367255382,0.16556983038587308,0.059214470195851764,0.25074929017198605,0.9527178167311521,0.672,2.3034823089961192e-05,6.3427203378073e-05,0.2509616388902627,3.08821089790393e-05,diagnostic_only,1.0,1.0,,,diagnostic_only,3
rank_top5000_lam2.4,rank,5000,0.0,2.4,5.3264530361194805e-05,9.313674019280281e-05,0.9714285714285714,3215.9921515838455,0.6431984303167692,0.00035669509277567476,4.74477246370936,4.875371477529773,1.0524181730887299,0.12409548401089918,0.018959272496690605,0.11072663863511084,0.996120191345868,0.7020000000000001,2.7611345952199478e-05,4.144436295399689e-05,0.12481960352290855,3.097509017220231e-05,diagnostic_only,1.0,1.0,,,diagnostic_only,3
pareto_top2500_lam1.1_t0.00025,pareto,2500,0.00025,1.1,5.289277033287479e-05,0.00010098634203803694,0.9714285714285714,1204.2829377498058,0.48171317509992234,0.00032723229931086884,4.69373133525181,4.876524890212045,1.046900397833636,0.1284642185085141,0.022371841861436554,0.123207082581479,0.9944103611929833,0.6948,2.723958592387946e-05,4.929396479923102e-05,0.1758607319804586,3.2454089453577884e-05,diagnostic_only,1.0,1.0,,,diagnostic_only,3
pareto_top5000_lam0.75_t0.00025,pareto,5000,0.00025,0.75,5.509955667157241e-05,9.484099088727003e-05,0.9714285714285714,3245.1649987415203,0.6490329997483041,0.00036025305927305277,4.738953110598386,4.875371477529773,1.048490738882086,0.12462262627326537,0.01912328749644993,0.11247556835199052,0.9960679487436391,0.7020000000000001,2.9446372262577086e-05,4.314861364846411e-05,0.13063895663388259,3.3786636827530615e-05,diagnostic_only,1.0,1.0,,,diagnostic_only,3
pareto_top2500_lam1.1_t0.0005,pareto,2500,0.0005,1.1,5.3890644514822426e-05,0.00010242023901116015,0.9714285714285714,1216.5512701704085,0.4866205080681634,0.00033047583958073165,4.693016037972491,4.876524890212045,1.0462098920011895,0.12854192467391934,0.022405588610401695,0.12245922053414066,0.9944279672096697,0.6948,2.82374601058271e-05,5.0727861772354226e-05,0.17657602925977756,3.410980008567799e-05,diagnostic_only,1.0,1.0,,,diagnostic_only,3
pareto_top1000_lam1.6_t0.00025,pareto,1000,0.00025,1.6,5.2576387349377236e-05,0.00011600226496032447,0.9714285714285714,284.8039175934301,0.28480391759343016,0.00029351227513620153,4.639079538922424,4.877889323310565,1.113912867616059,0.1370031012623645,0.03023220624749131,0.18376707898813754,0.9884635924492029,0.692,2.692320294038191e-05,6.430988772151855e-05,0.2305125283098448,3.579677161735482e-05,diagnostic_only,1.0,1.0,,,diagnostic_only,3
pareto_top5000_lam0.75_t0.0005,pareto,5000,0.0005,0.75,5.6435214270441746e-05,9.744888789830037e-05,0.9714285714285714,3333.0027046304485,0.6666005409260897,0.0003652206262781093,4.738501756433816,4.875371477529773,1.0478888419228798,0.12470167136301717,0.019130190852244537,0.11223553995683538,0.9960868758273285,0.7020000000000001,3.078202986144642e-05,4.575651065949445e-05,0.13109031079845224,3.6174963151478795e-05,diagnostic_only,1.0,1.0,,,diagnostic_only,3
rank_top10000_lam1.6,rank,10000,0.0,1.6,5.631320983846061e-05,0.00010139615168598821,0.9714285714285714,7707.102577122931,0.7707102577122931,0.00039935672553223435,4.778901011637168,4.868860613831,1.0651763069360163,0.12141449298297874,0.016838911889463005,0.09612804445537465,0.9970831660706695,0.7106,3.066002542946528e-05,4.970377444718229e-05,0.0906910555951006,3.700656721892553e-05,diagnostic_only,1.0,1.0,,,diagnostic_only,3
pareto_top10000_lam0.45_t0.00025,pareto,10000,0.00025,0.45,5.6265393377421136e-05,0.00010166732393985973,0.9714285714285714,7978.659564514876,0.7978659564514876,0.0004007590587027349,4.78249527618787,4.868860613831,1.0671570566217297,0.12111424817078226,0.016631626532782256,0.09500657756650505,0.9971580369472077,0.7106,3.061220896842581e-05,4.997494670105381e-05,0.08709679104439871,3.701369281497319e-05,diagnostic_only,1.0,1.0,,,diagnostic_only,3
pareto_top1000_lam1.6_t0.0005,pareto,1000,0.0005,1.6,5.385487247516309e-05,0.00011900298878186246,0.9714285714285714,278.36832934985273,0.27836832934985273,0.0002954719664355546,4.637504241557746,4.877889323310565,1.1145564194316062,0.1373565066353565,0.030399025991583152,0.18823760845737353,0.9883375647657672,0.692,2.8201688066167763e-05,6.731061154305654e-05,0.23208782567452246,3.820898323583465e-05,diagnostic_only,1.0,1.0,,,diagnostic_only,3
pareto_top5000_lam1.1_t0.00012,pareto,5000,0.00012,1.1,5.7976065090554076e-05,0.00010084561530775105,0.9714285714285714,2062.8846566418392,0.41257693132836787,0.0003486517005194892,4.693219543678899,4.875371477529773,1.028786780698693,0.12827060781814242,0.0214962735721262,0.12532816930384633,0.9950591976537884,0.7020000000000001,3.2322880681558746e-05,4.9153238068945134e-05,0.1763725235533693,3.902719092150579e-05,diagnostic_only,1.0,1.0,,,diagnostic_only,3
pareto_top10000_lam0.45_t0.0005,pareto,10000,0.0005,0.45,5.8013937063884985e-05,0.00010478439068411331,0.9714285714285714,8355.843941192916,0.8355843941192915,0.00040846494765920874,4.781754590175081,4.868860613831,1.0665897375361788,0.12118805467006324,0.01665635051282078,0.09439952006782487,0.9971690465799591,0.7106,3.236075265488966e-05,5.309201344530739e-05,0.08783747705718792,4.0065713055674954e-05,diagnostic_only,1.0,1.0,,,diagnostic_only,3
pareto_top2500_lam1.6_t0.00012,pareto,2500,0.00012,1.6,5.725416748339667e-05,0.00011099474465325925,0.9714285714285714,681.878483330786,0.2727513933323144,0.0003205721915979623,4.642285867861907,4.876524890212045,1.041003424201534,0.13344714459765936,0.02565422609264859,0.14151574486783752,0.9925691699589667,0.6948,3.160098307440134e-05,5.930236741445333e-05,0.22730619937036156,4.062600571591934e-05,diagnostic_only,1.0,1.0,,,diagnostic_only,3
pareto_top10000_lam0.75_t0.00012,pareto,10000,0.00012,0.75,5.898947498426329e-05,0.00010242445853227337,0.9714285714285714,4999.264131196654,0.49992641311966535,0.00038218826196729594,4.735843911092703,4.868860613831,1.0418320624007968,0.12462080102185576,0.018883479628276113,0.10961725933063587,0.9963352074022905,0.7106,3.333629057526797e-05,5.073208129346745e-05,0.13374815613956592,4.0739380546295875e-05,diagnostic_only,1.0,1.0,,,diagnostic_only,3
pareto_top5000_lam1.1_t0.00025,pareto,5000,0.00025,1.1,6.159951255710721e-05,0.00010633927857804789,0.9714285714285714,2353.1531773701017,0.47063063547402034,0.0003607060713484582,4.691554948063728,4.875371477529773,1.0252996520015094,0.1284656872906753,0.02138899050588505,0.12502586558178735,0.9951329378226214,0.7020000000000001,3.5946328148111885e-05,5.464690133924197e-05,0.1780371191685406,4.511108834490043e-05,diagnostic_only,1.0,1.0,,,diagnostic_only,3
pareto_top2500_lam1.6_t0.00025,pareto,2500,0.00025,1.6,6.007148745179585e-05,0.00011487319603667674,0.9714285714285714,711.4239743720809,0.28456958974883234,0.00032818820182284233,4.640047354335551,4.876524890212045,1.0373456645119723,0.1336274261232435,0.025559954263765946,0.14164169999130843,0.9926846356932264,0.6948,3.4418303042800524e-05,6.318081879787082e-05,0.2295447128967174,4.525813451988429e-05,diagnostic_only,1.0,1.0,,,diagnostic_only,3
rank_top10000_lam2.4,rank,10000,0.0,2.4,6.202061976409122e-05,0.00010905938097448936,0.9714285714285714,6454.598418686639,0.6454598418686639,0.00039968266484847245,4.740107928240452,4.868860613831,1.0428330062121551,0.12434320448283323,0.018653305030390428,0.10662680348626191,0.996478437865548,0.7106,3.63674353550959e-05,5.7367003735683436e-05,0.12948413899181688,4.6338624156656165e-05,diagnostic_only,1.0,1.0,,,diagnostic_only,3
pareto_top2500_lam1.6_t0.0005,pareto,2500,0.0005,1.6,6.12132122197905e-05,0.00011618147228712689,0.9714285714285714,711.9393721709729,0.28477574886838913,0.0003312908711021751,4.639247546339882,4.876524890212045,1.0367784291789108,0.13371495615162127,0.02558478837027517,0.14131040190189442,0.9926810643341248,0.6948,3.5560027810795176e-05,6.448909504832098e-05,0.23034452089238666,4.706944578064221e-05,diagnostic_only,1.0,1.0,,,diagnostic_only,3
pareto_top5000_lam1.1_t0.0005,pareto,5000,0.0005,1.1,6.304419816031024e-05,0.00010991764793634833,0.9714285714285714,2404.5197719668713,0.48090395439337424,0.00036556880521773297,4.691028092049358,4.875371477529773,1.024630453768439,0.1285517769195747,0.021392043516000943,0.12480403197628137,0.9951501587146897,0.7020000000000001,3.7391013751314915e-05,5.822527069754241e-05,0.1785639751829109,4.7883771940105054e-05,diagnostic_only,1.0,1.0,,,diagnostic_only,3
pareto_top10000_lam0.75_t0.00025,pareto,10000,0.00025,0.75,6.371214594205902e-05,0.00011202782209993114,0.9714285714285714,6355.137019259822,0.6355137019259822,0.00040131438749004233,4.73379649465301,4.868860613831,1.0390589001087507,0.1248189861245251,0.018901479519158288,0.10806948863126059,0.996407944420783,0.7106,3.8058961533063695e-05,6.033544486112522e-05,0.13579557257925856,4.92796850532254e-05,diagnostic_only,1.0,1.0,,,diagnostic_only,3
pareto_top10000_lam0.75_t0.0005,pareto,10000,0.0005,0.75,6.556745967793214e-05,0.00011305997563881322,0.9714285714285714,6632.5505393172125,0.6632550539317212,0.00040893229697456894,4.73309260005731,4.868860613831,1.0385312812867389,0.1248927337368804,0.018932680337435837,0.10738286397750901,0.9964152125248934,0.7106,3.991427526893682e-05,6.13675984000073e-05,0.13649946717495887,5.194962871288072e-05,diagnostic_only,1.0,1.0,,,diagnostic_only,3
pareto_top5000_lam1.6_t0.00012,pareto,5000,0.00012,1.6,6.611265591026701e-05,0.00011252135666276963,0.9714285714285714,1255.3490062079854,0.2510698012415971,0.00034988536273405544,4.639121451699419,4.875371477529773,1.0099053417207502,0.13309849709516047,0.02432141553288343,0.1391342054230688,0.9936537144692463,0.7020000000000001,4.045947150127169e-05,6.082897942396371e-05,0.23047061553284998,5.252369367213511e-05,diagnostic_only,1.0,1.0,,,diagnostic_only,3
pareto_top10000_lam1.1_t0.00012,pareto,10000,0.00012,1.1,6.62777210479212e-05,0.00011288609733365336,0.9714285714285714,3691.2200037924244,0.3691220003792424,0.00038314520445811574,4.688462554282367,4.868860613831,1.0168696822135095,0.1283867266274616,0.0211385453444881,0.12146917438092503,0.9954698686286192,0.7106,4.062453663892588e-05,6.119372009484743e-05,0.18112951294990154,5.2829463923969314e-05,diagnostic_only,1.0,1.0,,,diagnostic_only,3
pareto_top1000_lam2.4_t0.00012,pareto,1000,0.00012,2.4,6.501359068147445e-05,0.000122251502265933,0.9729323308270676,114.90498450712009,0.11490498450712008,0.0002928846194224675,4.57460885853461,4.877889323310565,1.1956079951892165,0.15198708496635657,0.03991626963447171,0.21313780424357237,0.9793237182339262,0.692,3.936040627247912e-05,7.055912502712709e-05,0.2949832086976585,5.346729489662335e-05,diagnostic_only,1.0,1.0,,,diagnostic_only,3
pareto_top1000_lam2.4_t0.00025,pareto,1000,0.00025,2.4,6.893608941108461e-05,0.00012439646164424915,0.9729323308270676,103.95499624693447,0.10395499624693447,0.0002971630096510986,4.56941465080367,4.877889323310565,1.20438723062214,0.15457262923939874,0.04115728898416595,0.22743417788391712,0.9779384235497515,0.692,4.3282905002089284e-05,7.270408440544323e-05,0.30017741642859885,5.910278308969374e-05,diagnostic_only,1.0,1.0,,,diagnostic_only,3
pareto_top5000_lam1.6_t0.00025,pareto,5000,0.00025,1.6,7.010445204419496e-05,0.00012265531709918754,0.9714285714285714,1385.1234355176136,0.27702468710352274,0.000361492951097089,4.6370800841428075,4.875371477529773,1.0057894655576745,0.13328123002420528,0.024209477591143818,0.13885436387632982,0.993783750005182,0.7020000000000001,4.445126763519963e-05,7.096293986038162e-05,0.23251198308946108,6.024651875480358e-05,diagnostic_only,1.0,1.0,,,diagnostic_only,3
pareto_top10000_lam1.1_t0.00025,pareto,10000,0.00025,1.1,7.129583805539838e-05,0.00011967402801346551,0.9654135338345864,4586.9461251912035,0.45869461251912036,0.0004019491475330717,4.686366725629721,4.868860613831,1.0137831492367513,0.12855365872124716,0.021159578734488604,0.11987047077812757,0.9955765503354399,0.7106,4.564265364640306e-05,6.798165077465958e-05,0.18322534160254733,6.129060013023956e-05,diagnostic_only,1.0,1.0,,,diagnostic_only,3
pareto_top2500_lam2.4_t0.00012,pareto,2500,0.00012,2.4,7.032055784248862e-05,0.00013040307780973952,0.9714285714285714,263.5410133703396,0.10541640534813584,0.00032311155745499395,4.575332438884392,4.876524890212045,1.0699815335199319,0.14292559404503113,0.031958904991603324,0.17211810683811463,0.9879547075473852,0.6948,4.46673734334933e-05,7.87107005709336e-05,0.2942596283478762,6.246439646783362e-05,diagnostic_only,1.0,1.0,,,diagnostic_only,3
pareto_top1000_lam2.4_t0.0005,pareto,1000,0.0005,2.4,7.069505822762945e-05,0.00013109187842120978,0.9729323308270676,98.90829459282371,0.09890829459282371,0.00029889674407959264,4.567228633176024,4.877889323310565,1.2097867427627065,0.15577256781374182,0.04185016559495044,0.23358464126822048,0.9771671524877358,0.692,4.504187381863413e-05,7.939950118240386e-05,0.3023634340562449,6.306329674544164e-05,diagnostic_only,1.0,1.0,,,diagnostic_only,3
pareto_top5000_lam1.6_t0.0005,pareto,5000,0.0005,1.6,7.17306548402733e-05,0.00012646011383040615,0.9714285714285714,1402.697634217664,0.2805395268435328,0.000366197953882918,4.636394283586962,4.875371477529773,1.0050475676877941,0.13335833527972177,0.02423158415965775,0.13853645531961095,0.9937947887514956,0.7020000000000001,4.607747043127797e-05,7.476773659160024e-05,0.23319778364530652,6.331178157235136e-05,diagnostic_only,1.0,1.0,,,diagnostic_only,3
pareto_top10000_lam1.1_t0.0005,pareto,10000,0.0005,1.1,7.32552060342521e-05,0.00012020199151935326,0.9654135338345864,4761.686950138289,0.4761686950138289,0.00040945385590735145,4.685667591425571,4.868860613831,1.0132539162582201,0.12861047796323874,0.021193829295984398,0.11910916418500622,0.9955931621852228,0.7106,4.760202162525677e-05,6.850961428054734e-05,0.18392447580669735,6.396976935687465e-05,diagnostic_only,1.0,1.0,,,diagnostic_only,3
pareto_top2500_lam2.4_t0.00025,pareto,2500,0.00025,2.4,7.324099332769131e-05,0.0001332708942015315,0.9714285714285714,258.69136553355474,0.1034765462134219,0.0003300135924127208,4.572540985942427,4.876524890212045,1.068317811281293,0.1431669024412671,0.03210564357651283,0.17408343071749272,0.9879386800938126,0.6948,4.758780891869599e-05,8.15785169627256e-05,0.29705108128984126,6.697791669654389e-05,diagnostic_only,1.0,1.0,,,diagnostic_only,3
pareto_top10000_lam1.6_t0.00012,pareto,10000,0.00012,1.6,7.563961438668875e-05,0.00012579305158173811,0.9654135338345864,2222.2732776397443,0.2222273277639744,0.00038462153235282033,4.633801304653073,4.868860613831,0.9928952021190602,0.13300370866073416,0.023876935802888494,0.13436608412602719,0.9943194191030413,0.7106,4.998642997769343e-05,7.41006743429322e-05,0.23579076257919596,6.846726492377314e-05,diagnostic_only,1.0,1.0,,,diagnostic_only,3
pareto_top2500_lam2.4_t0.0005,pareto,2500,0.0005,2.4,7.448569976084484e-05,0.00013406308667373407,0.9714285714285714,253.85978426535814,0.10154391370614325,0.0003328549615824596,4.571522219284745,4.876524890212045,1.0687935287326062,0.14334235266643988,0.032265172923697766,0.1744036011475149,0.9878396157422603,0.6948,4.8832515351849516e-05,8.237070943492816e-05,0.29806984794752367,6.879408317769376e-05,diagnostic_only,1.0,1.0,,,diagnostic_only,3
pareto_top10000_lam1.6_t0.00025,pareto,10000,0.00025,1.6,8.098787721704257e-05,0.00012646294865886374,0.9654135338345864,2649.3088858443402,0.26493088858443403,0.000402903271516585,4.631454650500106,4.868860613831,0.9890971982278206,0.13312582377195828,0.02388626537867847,0.13259797752802743,0.9944425850311992,0.7106,5.533469280804724e-05,7.477057142005783e-05,0.2381374167321626,7.558748087215363e-05,diagnostic_only,1.0,1.0,,,diagnostic_only,3
pareto_top5000_lam2.4_t0.00012,pareto,5000,0.00012,2.4,8.006769839377387e-05,0.00013807036023780628,0.9714285714285714,495.9519496752256,0.09919038993504511,0.00035234070522669614,4.571553691253677,4.875371477529773,1.012282720918509,0.14074694223419817,0.02912089947907009,0.1599245359177877,0.9907092822682121,0.7020000000000001,5.441451398477855e-05,8.637798299900037e-05,0.2980383759785914,7.705249979151957e-05,diagnostic_only,1.0,1.0,,,diagnostic_only,3
pareto_top10000_lam1.6_t0.0005,pareto,10000,0.0005,1.6,8.3059557283921e-05,0.00012663024042288768,0.9609022556390976,2720.173344482815,0.2720173344482815,0.00041022282337854283,4.630683920494859,4.868860613831,0.9885157877689285,0.13317733692412956,0.023937264792016272,0.13171803642974228,0.9944587557791613,0.7106,5.740637287492568e-05,7.493786318408177e-05,0.23890814673740923,7.850293902781993e-05,diagnostic_only,1.0,1.0,,,diagnostic_only,3
pareto_top5000_lam2.4_t0.00025,pareto,5000,0.00025,2.4,8.44008331116388e-05,0.00013998643452113466,0.9714285714285714,523.8519933617831,0.10477039867235663,0.0003631818619782722,4.568890208629923,4.875371477529773,1.0075226145851357,0.14079900687014793,0.029080582411251773,0.1588995517977066,0.9908789184668864,0.7020000000000001,5.874764870264348e-05,8.829405728232875e-05,0.3007018586023458,8.316459349557527e-05,diagnostic_only,1.0,1.0,,,diagnostic_only,3
pareto_top5000_lam2.4_t0.0005,pareto,5000,0.0005,2.4,8.616676828656607e-05,0.00014052220488720084,0.9714285714285714,525.1526270456683,0.10503052540913366,0.0003676164537789629,4.5679369810882955,4.875371477529773,1.0069113034458292,0.1408387936969383,0.02914338949463,0.15810497443960164,0.9908734729839179,0.7020000000000001,6.0513583877570745e-05,8.882982764839493e-05,0.3016550861439731,8.559425181449702e-05,diagnostic_only,1.0,1.0,,,diagnostic_only,3
pareto_top10000_lam2.4_t0.00012,pareto,10000,0.00012,2.4,9.095431088322614e-05,0.00013639899244885636,0.9609022556390976,844.5607234566336,0.08445607234566335,0.0003874780230120271,4.564251301952248,4.868860613831,0.9806664892317636,0.13997064869210674,0.0280980519337528,0.1525169980545949,0.9920610404761169,0.7106,6.530112647423082e-05,8.470661521005045e-05,0.30534076528002085,9.120830671214723e-05,diagnostic_only,1.0,1.0,,,diagnostic_only,3
pareto_top10000_lam2.4_t0.00025,pareto,10000,0.00025,2.4,9.663306565775307e-05,0.00013990077432596756,0.9609022556390976,932.9118562857558,0.09329118562857558,0.00040476878484963327,4.561192915380243,4.868860613831,0.9756455232776207,0.13998825834652048,0.028071823618170982,0.1498857160958475,0.9922373155112972,0.7106,7.097988124875775e-05,8.820839708716165e-05,0.3083991518520257,9.94661333883096e-05,diagnostic_only,1.0,1.0,,,diagnostic_only,3
pareto_top10000_lam2.4_t0.0005,pareto,10000,0.0005,2.4,9.882467360470764e-05,0.00014098735853369313,0.9609022556390976,935.4566706579986,0.09354566706579986,0.0004117245351147162,4.5601629628235365,4.868860613831,0.9751381058482984,0.14005369087041503,0.02814150462011778,0.14865497860226434,0.9922533160879987,0.7106,7.317148919571232e-05,8.929498129488722e-05,0.30942910440873206,0.00010258686977128182,diagnostic_only,1.0,1.0,,,diagnostic_only,3
